vx,wabs,obstacle,align,follow,angle,fwd,twirl
0,0,0,24.1197,15,0.405409,0,0
0.0101563,0.207357,0,23.9333,14.8094,0.552936,0,0.124414
0.0194964,0.232365,0,23.675,14.6308,0.251729,0,0.139419
0.0196343,0.204464,0,23.8505,14.6238,0.10541,0,0.122678
0.0243669,0.217664,0,23.5767,14.5887,0.927619,0,0.130598
0.0128198,0.203627,0,23.8467,14.7548,0.00158548,0,0.122176
0.0236306,0.280131,0,23.7228,14.6574,0.754877,0,0.168079
0.0120835,0.161104,0,23.9303,14.7694,0.241308,0,0.0966625
0.0141256,0.18719,0,23.9022,14.7317,0.341982,0,0.112314
0.017097,0.205212,0,23.8059,14.6833,0.338784,0,0.123127
0.021945,0.168795,0,23.7897,14.5832,0.570587,0,0.101277
0.0272456,0.278786,0,23.5107,14.5436,0.742414,0,0.167272
0.0195159,0.189452,0,23.7998,14.6259,0.121693,0,0.113671
0.0224812,0.284865,0,23.7291,14.5711,0.322508,0,0.170919
0.0150905,0.281289,0,23.9208,14.7194,0.576469,0,0.168774
0.0213746,0.205243,0,23.7039,14.6298,0.821448,0,0.123146
0.0208526,0.228773,0,23.7371,14.6028,0.173944,0,0.137264
0.0119742,0.2175,0,23.9183,14.7739,0.299596,0,0.1305
0.0134275,0.242018,0,23.8886,14.7484,0.551233,0,0.145211
0.0172328,0.175595,0,23.7529,14.6789,0.355237,0,0.105357
0.0187481,0.197295,0,23.7898,14.6545,0.414328,0,0.118377
0.0263066,0.200844,0,23.7036,14.4985,0.0887609,0,0.120507
0.0213789,0.201553,0,23.7491,14.5976,0.286167,0,0.120932
0.0117582,0.221637,0,23.9406,14.7773,0.30602,0,0.132982
0.0195822,0.21484,0,23.7569,14.6431,0.489193,0,0.128904
0.0122558,0.186785,0,23.9527,14.7682,0.328567,0,0.112071
0.0218074,0.152927,0,23.7432,14.5867,0.391456,0,0.0917561
0.0347814,0.169594,0,23.301,14.345,0.350432,0,0.101757
0.0130425,0.236859,0,23.8439,14.777,0.571275,0,0.142115
0.0147291,0.25957,0,23.9211,14.7196,0.213766,0,0.155742
0.0164062,0.220667,0,23.7792,14.6899,0.0732393,0,0.1324
0.0169441,0.188307,0,23.773,14.6768,0.0182118,0,0.112984
0.0283561,0.20479,0,23.6386,14.496,0.420525,0,0.122874
0.0126929,0.212193,0,23.8726,14.7569,0.0219531,0,0.127316
0.016475,0.166067,0,23.7681,14.6899,0.430602,0,0.0996405
0.00895402,0.170706,0,23.8997,14.832,0.523598,0,0.102423
0.0117188,0.215393,0,23.92,14.7794,0.690361,0,0.129236
0.0143556,0.220978,0,23.8518,14.725,0.115244,0,0.132587
0.0132813,0.193919,0,23.8485,14.7542,0.4908,0,0.116352
0.0242003,0.233719,0,23.8233,14.608,0.619241,0,0.140232
0.0195312,0.232457,0,23.707,14.6289,0.0483108,0,0.139474
0.0249906,0.204417,0,23.628,14.5224,0.00231934,0,0.12265
0.0152536,0.210257,0,23.8184,14.7228,0.672684,0,0.126154
0.0285507,0.26449,0,23.593,14.4633,0.601673,0,0.158694
0.0158087,0.175304,0,23.85,14.7074,0.446121,0,0.105182
0.0317108,0.216377,0,23.6428,14.3961,0.36006,0,0.129826
0.018932,0.17903,0,23.7977,14.656,0.524358,0,0.107418
0.0260757,0.213322,0,23.7224,14.5026,0.216175,0,0.127993
0.0275221,0.184342,0,23.4901,14.5001,0.49419,0,0.110605
0.0154344,0.182088,0,23.8346,14.7057,0.146499,0,0.109253
0.016323,0.211586,0,23.839,14.6898,0.191066,0,0.126951
0.0202622,0.202948,0,23.7658,14.6284,0.490505,0,0.121769
0.0137972,0.193992,0,23.8729,14.736,0.172589,0,0.116395
0.0243787,0.219833,0,23.6787,14.5687,0.802214,0,0.1319
0.0178915,0.222198,0,23.7729,14.665,0.484293,0,0.133319
0.0129888,0.227045,0,23.8784,14.7551,0.20684,0,0.136227
0.0228483,0.175903,0,23.8537,14.5662,0.0424542,0,0.105542
0.0185044,0.191291,0,23.7495,14.6526,0.369897,0,0.114775
0.01875,0.230884,0,23.8958,14.6454,0.516049,0,0.13853
0.0120512,0.202207,0,23.9097,14.7738,0.631877,0,0.121324
0.0138331,0.210586,0,23.9056,14.7396,0.725039,0,0.126352
0.0147028,0.172897,0,23.8554,14.724,0.512617,0,0.103738
0.0196334,0.191416,0,23.8323,14.6248,0.0813169,0,0.11485
0.0497344,0.177039,0,23.0228,14.0502,0.214976,0,0.106223
0.010854,0.187999,0,23.895,14.7995,0.431682,0,0.1128
0.0275401,0.245209,0,23.6232,14.4859,0.685533,0,0.147125
0.0156575,0.243122,0,23.8524,14.7024,0.31993,0,0.145873
0.0254468,0.255335,0,23.6403,14.5187,0.137033,0,0.153201
0.0324234,0.205001,0,23.5192,14.4085,0.350608,0,0.123001
0.00966615,0.187569,0,23.864,14.8267,0.736434,0,0.112541
0.020712,0.201737,0,23.6227,14.6232,0.819878,0,0.121042
0.0139246,0.164496,0,23.8196,14.7347,0.310562,0,0.0986973
0.0147368,0.231534,0,23.8412,14.7206,0.344963,0,0.13892
0.0210993,0.208217,0,23.7513,14.6095,0.472189,0,0.12493
0.0151262,0.159623,0,23.9099,14.7144,0.317848,0,0.0957739
0.0209334,0.157356,0,23.8279,14.6067,0.181928,0,0.0944137
0.0220201,0.203835,0,23.8235,14.5949,0.125597,0,0.122301
0.0165134,0.203757,0,23.7507,14.7042,0.789587,0,0.122254
0.0145415,0.243865,0,23.8103,14.7225,0.0471234,0,0.146319
0.0229852,0.217858,0,23.9367,14.5726,0.0251093,0,0.130715
0.0132038,0.192615,0,23.9184,14.7621,0.489899,0,0.115569
0.0105492,0.171081,0,24.0097,14.8055,0.553122,0,0.102649
0.0259159,0.151446,0,23.595,14.5125,0.457575,0,0.0908677
0.0173442,0.264605,0,23.8359,14.7168,0.790115,0,0.158763
0.0226563,0.181066,0,23.6731,14.5722,0.507237,0,0.108639
0.021926,0.233365,0,23.6322,14.6327,1.05024,0,0.140019
0.030897,0.227781,0,23.6455,14.4367,0.709442,0,0.136669
0.0221709,0.19994,0,23.6983,14.6106,0.5176,0,0.119964
0.0173348,0.190681,0,23.8497,14.6854,0.634882,0,0.114408
0.0204061,0.208931,0,23.8554,14.6139,0.328508,0,0.125359
0.0117056,0.190383,0,23.86,14.7776,0.189083,0,0.11423
0.0162929,0.258898,0,23.8789,14.7192,0.4154,0,0.155339
0.0214422,0.218561,0,23.6728,14.6304,0.665155,0,0.131137
0.021058,0.278739,0,23.7965,14.5987,0.0453196,0,0.167244
0.0205629,0.183306,0,23.7277,14.6199,0.228955,0,0.109984
0.0159117,0.161026,0,23.7594,14.7023,0.454914,0,0.0966158
0.010231,0.1746,0,23.98,14.8044,0.201452,0,0.10476
0.0171875,0.171349,0,23.8265,14.6792,0.22446,0,0.102809
0.00939991,0.186029,0,23.9487,14.8205,0.201661,0,0.111617
0.0175125,0.172727,0,23.8188,14.6666,0.236372,0,0.103636
0.0404159,0.229331,0,23.6143,14.2848,0.382221,0,0.137599
0.014512,0.195991,0,23.7882,14.7265,0.449008,0,0.117595
0.0211951,0.251455,0,23.7477,14.6072,0.641021,0,0.150873
0.0346114,0.165199,0,23.5144,14.3479,0.40217,0,0.0991192
0.0201408,0.177616,0,23.6185,14.6251,0.524183,0,0.10657
0.0253413,0.276281,0,23.7357,14.6106,0.428595,0,0.165768
0.0146957,0.179789,0,23.8895,14.7244,0.353582,0,0.107873
0.0265625,0.236829,0,23.797,14.6043,0.622471,0,0.142098
0.0185303,0.243237,0,23.7408,14.661,0.60414,0,0.145942
0.0220168,0.223501,0,23.8756,14.5876,0.127005,0,0.1341
0.0190092,0.20998,0,23.6733,14.6364,0.0714922,0,0.125988
0.016142,0.185058,0,23.795,14.699,0.19047,0,0.111035
0.0319718,0.201248,0,23.4744,14.4134,0.315052,0,0.120749
0.0228017,0.20344,0,23.6893,14.5647,0.0298367,0,0.122064
0.016191,0.192252,0,23.7864,14.7013,0.603295,0,0.115351
0.0176224,0.200926,0,23.8089,14.6893,0.632489,0,0.120556
0.0118512,0.201181,0,23.9248,14.7768,0.666308,0,0.120708
0.0230304,0.148021,0,23.6663,14.575,0.478444,0,0.0888128
0.0259006,0.166634,0,23.6069,14.5136,0.390682,0,0.0999802
0.025017,0.162213,0,23.578,14.5336,0.403407,0,0.097328
0.0159375,0.198462,0,23.8042,14.6963,0.23444,0,0.119077
0.0158964,0.261258,0,23.7832,14.7296,0.562485,0,0.156755
0.0201347,0.261817,0,23.8344,14.6206,0.178177,0,0.15709
0.0183754,0.204645,0,23.7799,14.6513,0.227064,0,0.122787
0.0201389,0.185169,0,23.8075,14.6145,0.161624,0,0.111101
0.0244147,0.197226,0,23.6449,14.5324,0.202894,0,0.118336
0.0188404,0.221822,0,23.8464,14.6398,0.0243754,0,0.133093
0.0180522,0.232875,0,23.7284,14.6638,0.592824,0,0.139725
0.0164511,0.204672,0,23.8334,14.7124,0.541029,0,0.122803
0.0198851,0.254242,0,23.8101,14.6437,0.855892,0,0.152545
0.0277833,0.188053,0,23.673,14.4678,0.0985579,0,0.112832
0.0193054,0.164162,0,23.7821,14.6434,0.63688,0,0.0984974
0.020422,0.170658,0,23.8089,14.618,0.369794,0,0.102395
0.0365112,0.168937,0,23.3268,14.327,0.311271,0,0.101362
0.0193355,0.200437,0,23.864,14.6569,0.644195,0,0.120262
0.0178261,0.213984,0,23.8612,14.7089,0.615614,0,0.12839
0.0177863,0.186975,0,23.779,14.6741,0.732707,0,0.112185
0.0246593,0.144861,0,23.7345,14.5324,0.467026,0,0.0869164
0.0257191,0.187079,0,23.5931,14.5121,0.358297,0,0.112247
0.0200396,0.187119,0,23.7714,14.6294,0.463218,0,0.112271
0.0202858,0.183645,0,23.6111,14.6257,0.543173,0,0.110187
0.0172973,0.200176,0,23.8808,14.6706,0.208954,0,0.120106
0.0106517,0.222669,0,23.9247,14.7971,0.297381,0,0.133602
0.0418478,0.218673,0,23.7633,14.2076,0.243765,0,0.131204
0.0164612,0.192215,0,23.8397,14.6927,0.346979,0,0.115329
0.0209999,0.224522,0,23.6001,14.6022,0.0523133,0,0.134713
0.0187356,0.201721,0,23.7785,14.6758,0.742257,0,0.121033
0.013909,0.229435,0,23.8876,14.7354,0.416624,0,0.137661
0.0194747,0.218036,0,23.7924,14.6747,0.946805,0,0.130821
0.0222572,0.186578,0,23.7417,14.5792,0.423207,0,0.111947
0.0140344,0.172143,0,23.9169,14.7352,0.198889,0,0.103286
0.0170924,0.210149,0,23.7929,14.7007,0.637445,0,0.126089
0.0143358,0.142557,0,23.7884,14.7293,0.414419,0,0.0855344
0.0206152,0.222964,0,23.7933,14.6259,0.648296,0,0.133778
0.0172201,0.152696,0,23.8753,14.6806,0.35358,0,0.0916178
0.0179775,0.232378,0,23.8763,14.6582,0.360685,0,0.139427
0.0170879,0.195256,0,23.8705,14.6744,0.256721,0,0.117153
0.020406,0.162998,0,23.8459,14.6165,0.37152,0,0.0977988
0.0265425,0.197748,0,23.5959,14.5147,0.747485,0,0.118649
0.0240483,0.233855,0,23.6758,14.5403,0.269773,0,0.140313
0.017783,0.22761,0,23.7686,14.6629,0.419783,0,0.136566
0.0148152,0.204885,0,23.8483,14.7217,0.530085,0,0.122931
0.018181,0.191782,0,23.6813,14.6793,0.587535,0,0.115069
0.0393301,0.193593,0,23.6229,14.2742,0.564353,0,0.116156
0.0148438,0.221005,0,23.8643,14.7224,0.132203,0,0.132603
0.0314062,0.180729,0,23.5454,14.4017,0.289558,0,0.108437
0.0189094,0.194882,0,23.7843,14.6586,0.456985,0,0.116929
0.0096336,0.209876,0,23.9462,14.8283,0.37019,0,0.125926
0.0240112,0.162162,0,23.6755,14.5452,0.313092,0,0.0972973
0.0152217,0.160895,0,23.7394,14.7191,0.644731,0,0.0965371
0.0171875,0.235902,0,23.8225,14.6768,0.379394,0,0.141541
0.0216801,0.250544,0,23.7388,14.5968,0.826746,0,0.150326
0.0170257,0.220122,0,23.7806,14.6752,0.0813756,0,0.132073
0.0280969,0.195199,0,23.5887,14.4973,0.565898,0,0.117119
0.0108595,0.213782,0,23.8697,14.798,0.296208,0,0.128269
0.018054,0.213314,0,23.8238,14.6825,0.372667,0,0.127988
0.0227356,0.202911,0,23.7342,14.5699,0.0927773,0,0.121747
0.0188907,0.17495,0,23.7687,14.6423,0.426924,0,0.10497
0.0183582,0.194527,0,23.7827,14.6522,0.353472,0,0.116716
0.0170324,0.239433,0,23.874,14.6746,0.00620699,0,0.14366
0.016448,0.179838,0,23.8145,14.6873,0.089541,0,0.107903
0.0307115,0.197904,0,23.4489,14.4236,0.248708,0,0.118742
0.0195312,0.193334,0,23.738,14.6306,0.16218,0,0.116001
0.0221797,0.198398,0,23.6955,14.6093,0.787792,0,0.119039
0.0179472,0.162975,0,23.842,14.6569,0.197013,0,0.0977848
0.0366017,0.201638,0,23.5575,14.3166,0.676422,0,0.120983
0.027404,0.210413,0,23.6758,14.4814,0.282364,0,0.126248
0.0135433,0.191761,0,23.902,14.7422,0.407351,0,0.115057
0.0175497,0.187912,0,23.8463,14.6664,0.206414,0,0.112747
0.0127412,0.211866,0,23.9563,14.7566,0.0674806,0,0.12712
0.0122876,0.183385,0,23.9123,14.7676,0.17316,0,0.110031
0.0198572,0.227502,0,23.7915,14.6211,0.325728,0,0.136501
0.0169988,0.1915,0,23.8647,14.6756,0.332758,0,0.1149
0.0251647,0.190277,0,23.7171,14.542,0.66285,0,0.114166
0.0271977,0.211074,0,23.6387,14.4812,0.0862517,0,0.126645
0.030528,0.17929,0,23.6579,14.4448,0.67285,0,0.107574
0.0226285,0.188597,0,23.6895,14.5947,0.680789,0,0.113158
0.015501,0.21529,0,23.827,14.7162,0.66492,0,0.129174
0.0267042,0.175798,0,23.7181,14.4954,0.389413,0,0.105479
0.0282752,0.188566,0,23.5092,14.4609,0.236055,0,0.11314
0.0243647,0.215292,0,23.8073,14.5568,0.636408,0,0.129175
0.0220008,0.184857,0,23.6176,14.5806,0.201245,0,0.110914
0.0237715,0.181834,0,23.7996,14.5443,0.124279,0,0.1091
0.0280037,0.239511,0,23.7164,14.4689,0.383322,0,0.143706
0.0155399,0.171016,0,23.8119,14.7036,0.318394,0,0.10261
0.0139103,0.212598,0,23.8604,14.738,0.419843,0,0.127559
0.0253433,0.162023,0,23.5643,14.522,0.419904,0,0.097214
0.0142739,0.178827,0,23.8874,14.7395,0.590304,0,0.107296
0.0230328,0.18814,0,23.5534,14.5758,0.510689,0,0.112884
0.0130554,0.16385,0,23.8035,14.7598,0.611617,0,0.0983098
0.00916941,0.193974,0,23.9412,14.8257,0.110239,0,0.116385
0.0226117,0.236024,0,23.7021,14.575,0.515431,0,0.141615
0.0217855,0.178146,0,23.6516,14.5829,0.0505891,0,0.106888
0.0256126,0.259656,0,23.7007,14.528,0.108343,0,0.155794
0.0186479,0.191082,0,23.7886,14.6469,0.539041,0,0.114649
0.0163562,0.202711,0,23.8203,14.687,0.0951209,0,0.121627
0.0404774,0.219498,0,23.4181,14.2359,0.325569,0,0.131699
0.0118979,0.18559,0,23.8641,14.7746,0.283067,0,0.111354
0.0188075,0.171128,0,23.7439,14.6426,0.262759,0,0.102677
0.0160872,0.213748,0,23.9061,14.6916,0.141733,0,0.128249
0.0143695,0.164927,0,23.7903,14.7313,0.408597,0,0.0989564
0.0215824,0.191358,0,23.7214,14.5899,0.310489,0,0.114815
0.0226378,0.184491,0,23.7024,14.5704,0.41187,0,0.110694
0.0160881,0.174386,0,23.8155,14.6928,0.186261,0,0.104632
0.0141779,0.212073,0,23.8355,14.748,0.536764,0,0.127244
0.0195627,0.21834,0,23.6757,14.6439,0.485139,0,0.131004
0.0195272,0.200818,0,23.7095,14.6362,0.443712,0,0.120491
0.0146877,0.209354,0,23.8303,14.7392,0.402515,0,0.125612
0.0187635,0.237147,0,23.8074,14.6419,0.143148,0,0.142288
0.0322295,0.194568,0,23.4243,14.3961,0.274215,0,0.116741
0.0136931,0.173231,0,23.8241,14.746,0.538549,0,0.103939
0.0166105,0.262765,0,23.7542,14.6902,0.508186,0,0.157659
0.0145723,0.181841,0,23.9034,14.721,0.134089,0,0.109104
0.0180264,0.186517,0,23.6946,14.6703,0.578703,0,0.11191
0.00869427,0.193486,0,23.9628,14.8341,0.257636,0,0.116092
0.0298596,0.190214,0,23.5654,14.4294,0.225398,0,0.114129
0.035049,0.167059,0,23.3782,14.3486,0.329968,0,0.100236
0.0177971,0.183141,0,23.8428,14.6691,0.248425,0,0.109885
0.00813387,0.203351,0,23.9564,14.849,0.676475,0,0.12201
0.0255708,0.21279,0,23.5769,14.5146,0.327658,0,0.127674
0.0205262,0.178352,0,23.6353,14.6153,0.459258,0,0.107011
0.00997536,0.151268,0,23.9464,14.8108,0.242812,0,0.0907611
0.0179379,0.210754,0,23.7989,14.6577,0.079865,0,0.126452
0.0155728,0.195213,0,23.9167,14.7021,0.0710883,0,0.117128
0.0231778,0.215381,0,23.6283,14.5886,0.37803,0,0.129229
0.0197005,0.195515,0,23.7658,14.6442,0.637168,0,0.117309
0.0129396,0.194352,0,23.9254,14.7635,0.678551,0,0.116611
0.0116858,0.174531,0,23.9645,14.778,0.418649,0,0.104719
0.0163128,0.195308,0,23.7867,14.7144,0.688273,0,0.117185
0.0220849,0.188824,0,23.7479,14.6066,0.649474,0,0.113294
0.0427756,0.187511,0,23.3233,14.1836,0.319674,0,0.112507
0.0109587,0.182371,0,23.9151,14.7942,0.416267,0,0.109423
0.0199465,0.220691,0,23.7927,14.619,0.076726,0,0.132415
0.0174182,0.167247,0,23.7283,14.6777,0.54515,0,0.100348
0.0193047,0.196144,0,23.7701,14.63,0.0561757,0,0.117687
0.0161726,0.15937,0,23.7639,14.6962,0.490199,0,0.0956221
0.015625,0.146788,0,23.866,14.7059,0.459259,0,0.088073
0.0142639,0.224798,0,23.8185,14.7288,0.105664,0,0.134879
0.0197414,0.17247,0,23.7222,14.6325,0.593317,0,0.103482
0.0203622,0.183733,0,23.8491,14.6101,0.168144,0,0.11024
0.020917,0.231939,0,23.7842,14.6002,0.195104,0,0.139163
0.0200907,0.190104,0,23.7594,14.6284,0.480311,0,0.114063
0.0186231,0.167612,0,23.8023,14.6521,0.486615,0,0.100567
0.018944,0.229243,0,23.771,14.6602,0.663782,0,0.137546
0.0244799,0.192072,0,23.6726,14.5541,0.603361,0,0.115243
0.0119722,0.217105,0,23.8648,14.775,0.37448,0,0.130263
0.0228293,0.202742,0,23.6934,14.5993,0.529881,0,0.121645
0.0263845,0.172773,0,23.5888,14.5086,0.607085,0,0.103664
0.00881921,0.164921,0,23.9207,14.8367,0.423264,0,0.0989524
0.0167742,0.189452,0,23.778,14.6952,0.401432,0,0.113671
0.0160578,0.185604,0,23.7723,14.6985,0.613143,0,0.111363
0.0180469,0.192149,0,23.7745,14.661,0.544891,0,0.11529
0.0267464,0.232157,0,23.6411,14.4921,0.436128,0,0.139294
0.0300212,0.188047,0,23.5079,14.4613,0.437318,0,0.112828
0.0140625,0.193757,0,23.813,14.7432,0.325684,0,0.116254
0.0242308,0.273616,0,23.6268,14.547,0.0312252,0,0.16417
0.018095,0.156067,0,23.7611,14.6739,0.586828,0,0.0936404
0.0169731,0.192477,0,23.7829,14.7028,0.923247,0,0.115486
0.00369802,0.233503,0,24.0658,14.9293,0.252642,0,0.140102
0.00931347,0.227436,0,24.004,14.8225,0.543693,0,0.136462
0.0158368,0.201771,0,23.7935,14.7139,0.696592,0,0.121063
0.0178768,0.193352,0,23.8055,14.6879,0.65837,0,0.116011
0.0131815,0.171098,0,23.94,14.7661,0.646465,0,0.102659
0.0109021,0.192014,0,23.9415,14.7949,0.506193,0,0.115209
0.015585,0.199056,0,23.8743,14.7105,0.286263,0,0.119433
0.0184838,0.193784,0,23.8049,14.6525,0.342917,0,0.11627
0.0337278,0.157145,0,23.616,14.374,0.42944,0,0.0942871
0.0240848,0.192477,0,23.6816,14.5418,0.367649,0,0.115486
0.00925944,0.193644,0,23.965,14.8355,0.59087,0,0.116187
0.0156708,0.221748,0,23.8872,14.7209,0.429049,0,0.133049
0.0329444,0.226299,0,23.4771,14.4242,0.545068,0,0.13578
0.0100344,0.15991,0,23.9349,14.8077,0.177164,0,0.0959462
0.019425,0.189465,0,23.8102,14.6519,0.394023,0,0.113679
0.019989,0.162586,0,23.6693,14.6287,0.461573,0,0.0975519
0.0145903,0.187143,0,23.8794,14.7274,0.336439,0,0.112286
0.0220797,0.167439,0,23.6583,14.6006,0.613138,0,0.100464
0.0229478,0.2389,0,23.7286,14.569,0.766734,0,0.14334
0.0152586,0.164015,0,23.8289,14.7347,0.659874,0,0.0984092
0.0136313,0.183989,0,23.8692,14.7411,0.492235,0,0.110394
0.0179687,0.171305,0,23.7998,14.6718,0.496808,0,0.102783
0.0196018,0.215361,0,23.7411,14.6441,0.680292,0,0.129217
0.0193896,0.17384,0,23.7381,14.6417,0.50885,0,0.104304
0.0231159,0.19405,0,23.8194,14.5878,0.466456,0,0.11643
0.0168206,0.217039,0,23.7774,14.6827,0.370117,0,0.130223
0.0119808,0.222682,0,23.8603,14.7869,0.751298,0,0.133609
0.0295387,0.192717,0,23.5005,14.4519,0.250519,0,0.11563
0.00931317,0.201485,0,23.9392,14.8237,0.360526,0,0.120891
0.0226416,0.198574,0,23.6808,14.5679,0.0243802,0,0.119145
0.0148935,0.160094,0,23.8974,14.7238,0.29407,0,0.0960563
0.0185658,0.227502,0,23.7535,14.6589,0.692497,0,0.136501
0.0227302,0.182991,0,23.6452,14.5665,0.086472,0,0.109795
0.0118548,0.198288,0,23.9384,14.7981,0.637121,0,0.118973
0.0220529,0.174495,0,23.6254,14.581,0.269988,0,0.104697
0.0183545,0.241458,0,23.9005,14.6639,0.0594802,0,0.144875
0.0221047,0.191596,0,23.658,14.5853,0.541944,0,0.114957
0.0178611,0.246182,0,23.8003,14.6616,0.504713,0,0.147709
0.0208761,0.182108,0,23.7049,14.6043,0.3995,0,0.109265
0.021875,0.209284,0,23.7277,14.5953,0.717197,0,0.125571
0.0209539,0.214365,0,23.8136,14.6188,0.341045,0,0.128619
0.0164466,0.167232,0,23.7544,14.6899,0.26466,0,0.100339
0.0194988,0.166514,0,23.817,14.6363,0.404951,0,0.0999081
0.0295166,0.212762,0,23.7037,14.4377,0.128572,0,0.127657
0.0263207,0.192307,0,23.6065,14.5026,0.380218,0,0.115384
0.0119612,0.217314,0,23.8867,14.794,0.660605,0,0.130388
0.0178273,0.196778,0,23.8718,14.6933,0.620516,0,0.118067
0.0354841,0.220511,0,23.5016,14.3193,0.0144048,0,0.132307
0.0154765,0.234682,0,23.8258,14.7227,0.35166,0,0.140809
0.0213263,0.240621,0,23.6936,14.5983,0.472152,0,0.144372
0.0321182,0.185313,0,23.508,14.394,0.364932,0,0.111188
0.010939,0.233231,0,23.9158,14.7912,0.0674243,0,0.139939
0.0187715,0.205956,0,23.6555,14.6712,0.795596,0,0.123574
0.0126855,0.170994,0,23.9179,14.7685,0.617475,0,0.102597
0.0142641,0.221056,0,23.8735,14.7327,0.431012,0,0.132634
0.0153075,0.21791,0,23.8221,14.7232,0.832263,0,0.130746
0.0229373,0.18684,0,23.5816,14.5675,0.435725,0,0.112104
0.0246299,0.170657,0,23.679,14.5343,0.538461,0,0.102394
0.0216334,0.208179,0,23.72,14.6026,0.368187,0,0.124907
0.0097534,0.153937,0,23.972,14.8179,0.372587,0,0.0923623
0.0166645,0.208126,0,23.7846,14.7141,0.743593,0,0.124876
0.0334235,0.141377,0,23.4846,14.3849,0.429265,0,0.0848262
0.0275262,0.191296,0,23.6339,14.4907,0.264113,0,0.114778
0.0179687,0.179963,0,23.8134,14.6595,0.201829,0,0.107978
0.029301,0.144195,0,23.7224,14.4453,0.34753,0,0.0865167
0.0158506,0.168905,0,23.756,14.7078,0.576525,0,0.101343
0.0157253,0.187351,0,23.8073,14.7032,0.323053,0,0.11241
0.0190535,0.18368,0,23.7294,14.6574,0.588027,0,0.110208
0.0132813,0.183373,0,23.822,14.7592,0.487312,0,0.110024
0.0201593,0.18293,0,23.789,14.6276,0.491762,0,0.109758
0.0250864,0.214875,0,23.5978,14.5326,0.606461,0,0.128925
0.0320949,0.184575,0,23.4427,14.3977,0.305406,0,0.110745
0.0212199,0.180045,0,23.6543,14.6005,0.383224,0,0.108027
0.0145188,0.195295,0,23.7801,14.7323,0.651483,0,0.117177
0.0126844,0.253726,0,23.8697,14.7955,0.803907,0,0.152236
0.0117257,0.189788,0,23.927,14.7756,0.0224209,0,0.113873
0.0286319,0.150015,0,23.4635,14.4669,0.35107,0,0.090009
0.0154127,0.185271,0,23.8024,14.7245,0.621705,0,0.111163
0.0313722,0.149553,0,23.5039,14.4361,0.548471,0,0.0897319
0.0258297,0.221756,0,23.6099,14.5276,0.432872,0,0.133054
0.0170044,0.183998,0,23.8013,14.6866,0.334551,0,0.110399
0.027467,0.166569,0,23.7525,14.4872,0.671426,0,0.0999413
0.0211909,0.182871,0,23.7911,14.6055,0.628218,0,0.109723
0.0267035,0.199324,0,23.5838,14.4903,0.145876,0,0.119594
0.0168094,0.247294,0,23.8816,14.6852,0.128175,0,0.148376
0.00962191,0.198304,0,23.9478,14.8165,0.210925,0,0.118983
0.0134415,0.232839,0,23.9278,14.7515,0.249897,0,0.139704
0.0123823,0.192285,0,23.8438,14.7677,0.638096,0,0.115371
0.0126264,0.194846,0,23.9383,14.7581,0.0964642,0,0.116907
0.0164062,0.25032,0,23.8018,14.7188,0.432905,0,0.150192
0.0242187,0.207078,0,23.6489,14.5624,0.274305,0,0.124247
0.0267622,0.163007,0,23.6941,14.5003,0.332919,0,0.0978045
0.0195825,0.232367,0,23.7391,14.6258,0.328726,0,0.13942
0.0182973,0.178777,0,23.6991,14.6514,0.22302,0,0.107266
0.0236635,0.210999,0,23.8032,14.5511,0.312596,0,0.1266
0.0164686,0.189875,0,23.7982,14.6852,0.0267887,0,0.113925
0.0156176,0.232058,0,23.8291,14.7038,0.331904,0,0.139235
0.0207041,0.237059,0,23.7326,14.6401,0.471272,0,0.142235
0.0132812,0.263162,0,23.8625,14.7585,0.822894,0,0.157897
0.0134195,0.189822,0,23.9216,14.7682,0.642534,0,0.113893
0.0229802,0.169109,0,23.549,14.5706,0.34378,0,0.101465
0.0166695,0.184353,0,23.7831,14.6949,0.554453,0,0.110612
0.0268492,0.191554,0,23.6948,14.5262,0.507231,0,0.114932
0.0294792,0.16901,0,23.5725,14.4357,0.167648,0,0.101406
0.0207072,0.218748,0,23.7302,14.6123,0.642823,0,0.131249
0.0199811,0.252665,0,23.7545,14.6849,0.926136,0,0.151599
0.0176907,0.143217,0,23.7735,14.6649,0.360834,0,0.0859301
0.00962439,0.277671,0,23.9091,14.8181,0.405263,0,0.166602
0.0113837,0.188215,0,23.9358,14.7851,0.417321,0,0.112929
0.0140065,0.170907,0,23.8758,14.7347,0.3065,0,0.102544
0.0200904,0.172489,0,23.7515,14.6436,0.582536,0,0.103494
0.0221448,0.203208,0,23.7178,14.6027,0.678629,0,0.121925
0.0177111,0.186943,0,23.8719,14.6654,0.357178,0,0.112166
0.0122913,0.208671,0,23.9749,14.7671,0.477917,0,0.125203
0.0176272,0.174399,0,23.8147,14.6633,0.190551,0,0.10464
0.0268396,0.221431,0,23.588,14.4896,0.153199,0,0.132859
0.0215318,0.213201,0,23.7976,14.5924,0.35995,0,0.127921
0.0128628,0.201235,0,23.8655,14.7584,0.576019,0,0.120741
0.0160331,0.169155,0,23.8268,14.6987,0.267587,0,0.101493
0.0218055,0.226845,0,23.728,14.5893,0.136694,0,0.136107
0.0245289,0.199844,0,23.5874,14.5634,0.74068,0,0.119907
0.0171875,0.190915,0,23.8469,14.6867,0.713338,0,0.114549
0.0223579,0.211368,0,23.7744,14.5742,0.188457,0,0.126821
0.0166211,0.236216,0,23.7305,14.6923,0.181574,0,0.14173
0.0194177,0.225721,0,23.8261,14.6769,0.930057,0,0.135433
0.020219,0.194896,0,23.7532,14.6312,0.598504,0,0.116937
0.022871,0.213533,0,23.8102,14.5624,0.112956,0,0.12812
0.0206803,0.209303,0,23.7007,14.6058,0.183335,0,0.125582
0.0128178,0.202397,0,23.9075,14.7571,0.397642,0,0.121438
0.0175057,0.189923,0,23.7742,14.6741,0.383764,0,0.113954
0.0172002,0.206641,0,23.8067,14.6762,0.521531,0,0.123984
0.0111398,0.235182,0,23.9151,14.7947,0.608683,0,0.141109
0.0173043,0.213813,0,23.8194,14.6841,0.383219,0,0.128288
0.0170427,0.214217,0,23.708,14.7099,0.828987,0,0.12853
0.00563715,0.214314,0,24.0204,14.896,0.481107,0,0.128588
0.0224714,0.201328,0,23.6926,14.5913,0.42217,0,0.120797
0.0294062,0.166994,0,23.4663,14.4486,0.50926,0,0.100196
0.0187175,0.198547,0,23.7601,14.6519,0.303269,0,0.119128
0.0262878,0.174858,0,23.7778,14.5373,0.716218,0,0.104915
0.017763,0.200025,0,23.7811,14.6645,0.39674,0,0.120015
0.0146892,0.197021,0,23.8242,14.7266,0.383536,0,0.118213
0.0209576,0.253345,0,23.6916,14.599,0.0496135,0,0.152007
0.0195282,0.228383,0,23.7217,14.6344,0.583432,0,0.13703
0.0141571,0.211306,0,23.7981,14.7467,0.728407,0,0.126783
0.0303936,0.164472,0,23.5396,14.4368,0.532794,0,0.0986835
0.0373709,0.230069,0,23.3491,14.3327,0.418607,0,0.138041
0.0233245,0.207726,0,23.6944,14.6202,0.654233,0,0.124636
0.0189035,0.164128,0,23.68,14.6536,0.551062,0,0.0984767
0.024166,0.207825,0,23.7013,14.5422,0.506108,0,0.124695
0.0209567,0.199115,0,23.7342,14.6423,0.613836,0,0.119469
0.0282591,0.16743,0,23.5462,14.4785,0.626341,0,0.100458
0.025525,0.207665,0,23.6717,14.5313,0.701972,0,0.124599
0.0153222,0.202979,0,23.7722,14.738,0.915061,0,0.121788
0.017353,0.196687,0,23.7372,14.6706,0.301985,0,0.118012
0.0304688,0.177513,0,23.4847,14.4256,0.357932,0,0.106508
0.0117629,0.154454,0,23.9413,14.779,0.411027,0,0.0926723
0.0253072,0.177138,0,23.566,14.5368,0.425411,0,0.106283
0.0169858,0.153199,0,23.8221,14.6786,0.428313,0,0.0919197
0.0227435,0.231637,0,23.8111,14.5661,0.287843,0,0.138982
0.0144214,0.211256,0,23.7679,14.7266,0.287676,0,0.126754
0.0154501,0.184368,0,23.8506,14.7136,0.358695,0,0.110621
0.0115706,0.229903,0,23.8973,14.7817,0.0375032,0,0.137942
0.0275707,0.165077,0,23.505,14.4893,0.471803,0,0.099046
0.025547,0.185598,0,23.7608,14.5134,0.154185,0,0.111359
0.0108783,0.225549,0,23.9501,14.7986,0.55102,0,0.13533
0.0156339,0.196127,0,23.7291,14.7097,0.467324,0,0.117676
0.0253405,0.218485,0,23.7804,14.5985,0.877077,0,0.131091
0.0117107,0.161552,0,23.9147,14.7838,0.358753,0,0.0969312
0.0117188,0.227377,0,23.9483,14.8028,0.821125,0,0.136426
0.0154258,0.204453,0,23.8357,14.7292,0.48261,0,0.122672
0.0268313,0.184654,0,23.5467,14.537,0.611216,0,0.110793
0.0145307,0.180712,0,23.8729,14.7321,0.377221,0,0.108427
0.0168739,0.17748,0,23.7856,14.6842,0.564787,0,0.106488
0.017378,0.170843,0,23.7207,14.6714,0.214659,0,0.102506
0.0162864,0.286073,0,23.8196,14.7018,0.503593,0,0.171644
0.015022,0.172697,0,23.8798,14.7255,0.430365,0,0.103618
0.0211365,0.238405,0,23.6722,14.5986,0.459479,0,0.143043
0.0328417,0.243565,0,23.501,14.431,0.707118,0,0.146139
0.0162272,0.2394,0,23.8382,14.6967,0.0402217,0,0.14364
0.0289649,0.256366,0,23.6558,14.5185,0.461725,0,0.153819
0.0181619,0.220314,0,23.7974,14.696,0.593741,0,0.132188
0.0263018,0.178373,0,23.5778,14.4971,0.0409551,0,0.107024
0.0166375,0.179388,0,23.6996,14.6944,0.727084,0,0.107633
0.0213163,0.21156,0,23.6551,14.6021,0.25983,0,0.126936
0.0237382,0.248481,0,23.5776,14.5627,0.58995,0,0.149089
0.0166199,0.198618,0,23.798,14.7169,0.775186,0,0.119171
0.0187322,0.233557,0,23.7413,14.6418,0.0615067,0,0.140134
0.0097593,0.175724,0,23.9012,14.8204,0.482767,0,0.105435
0.0241171,0.218276,0,23.7332,14.5425,0.472046,0,0.130965
0.028125,0.216852,0,23.5035,14.4999,0.543725,0,0.130111
0.0143781,0.239218,0,23.8753,14.7331,0.546834,0,0.143531
0.0121507,0.236953,0,23.8987,14.7672,0.221267,0,0.142172
0.0266251,0.173155,0,23.6222,14.5006,0.435758,0,0.103893
0.01875,0.13711,0,23.836,14.6444,0.324885,0,0.082266
0.0158616,0.162297,0,23.821,14.697,0.201254,0,0.0973782
0.0248978,0.209161,0,23.4921,14.545,0.627419,0,0.125497
0.016369,0.205493,0,23.8621,14.6887,0.132571,0,0.123296
0.016806,0.169784,0,23.8301,14.6982,0.574783,0,0.10187
0.0164422,0.14948,0,23.7843,14.6934,0.510596,0,0.0896877
0.0212298,0.167086,0,23.6608,14.5946,0.10469,0,0.100252
0.0165411,0.228508,0,23.8156,14.7065,0.591065,0,0.137105
0.022031,0.216766,0,23.7906,14.5812,0.0673041,0,0.130059
0.0191006,0.196372,0,23.7683,14.6378,0.491294,0,0.117823
0.0190795,0.189118,0,23.9087,14.6399,0.551661,0,0.113471
0.0116417,0.234083,0,23.8449,14.7907,0.54548,0,0.14045
0.0147621,0.240111,0,23.847,14.7277,0.577817,0,0.144067
0.0167884,0.202968,0,23.8011,14.6838,0.307684,0,0.121781
0.0243822,0.208251,0,23.669,14.544,0.713769,0,0.124951
0.0168421,0.219533,0,23.8452,14.6927,0.806871,0,0.13172
0.0155539,0.227149,0,23.8297,14.7087,0.406065,0,0.136289
0.0226333,0.261538,0,23.648,14.577,0.294258,0,0.156923
0.0145327,0.259127,0,23.9305,14.7268,0.17976,0,0.155476
0.0235805,0.211916,0,23.6553,14.5543,0.204696,0,0.127149
0.0234141,0.170034,0,23.5617,14.5669,0.543458,0,0.10202
0.0182287,0.161468,0,23.8654,14.6735,0.473323,0,0.0968805
0.0161946,0.207847,0,23.9061,14.6897,0.0690055,0,0.124708
0.022883,0.17703,0,23.7211,14.5688,0.328341,0,0.106218
0.0203064,0.196284,0,23.6655,14.6406,0.801219,0,0.11777
0.0270615,0.171334,0,23.6243,14.508,0.498606,0,0.102801
0.0147684,0.17996,0,23.8898,14.7187,0.114144,0,0.107976
0.00965952,0.224117,0,23.9516,14.8258,0.790181,0,0.13447
0.00986838,0.179232,0,23.926,14.8118,0.169815,0,0.107539
0.0221193,0.212886,0,23.6442,14.5767,0.0931096,0,0.127732
0.011481,0.179516,0,23.9218,14.7959,0.470313,0,0.10771
0.0318054,0.231038,0,23.7389,14.44,0.414402,0,0.138623
0.0209661,0.154788,0,23.7404,14.6002,0.303711,0,0.0928729
0.0180349,0.209391,0,23.8074,14.6646,0.693722,0,0.125635
0.0236306,0.222203,0,23.6836,14.5565,0.0105176,0,0.133322
0.0154533,0.207783,0,23.8638,14.7363,0.771273,0,0.12467
0.0138331,0.276783,0,23.8383,14.7715,1.02441,0,0.16607
0.0283666,0.206313,0,23.5675,14.4576,0.0239429,0,0.123788
0.0164837,0.197786,0,23.8445,14.6909,0.35795,0,0.118672
0.0286048,0.179412,0,23.6493,14.4739,0.584227,0,0.107647
0.00859032,0.219994,0,23.9738,14.8353,0.227267,0,0.131996
0.0172241,0.154169,0,23.8189,14.6736,0.434922,0,0.0925011
0.0145543,0.203341,0,23.9149,14.7298,0.723082,0,0.122005
0.01352,0.200359,0,23.8704,14.7418,0.259587,0,0.120216
0.0136646,0.162968,0,23.8249,14.7448,0.36419,0,0.0977809
0.0131394,0.167532,0,23.8098,14.7606,0.580432,0,0.100519
0.0247649,0.195371,0,23.6001,14.5305,0.303581,0,0.117223
0.0112645,0.189165,0,23.9251,14.7948,0.469177,0,0.113499
0.0233311,0.194063,0,23.5784,14.5667,0.493753,0,0.116438
0.00763432,0.210089,0,24.0022,14.8589,0.109291,0,0.126053
0.0169523,0.213084,0,23.7564,14.6812,0.454813,0,0.12785
0.0223541,0.157893,0,23.7613,14.5778,0.330611,0,0.0947361
0.0189364,0.175365,0,23.7999,14.6414,0.338114,0,0.105219
0.0233667,0.182799,0,23.6207,14.5642,0.448329,0,0.109679
0.0126027,0.242533,0,23.8186,14.787,0.942649,0,0.14552
0.019573,0.148785,0,23.8286,14.6271,0.153554,0,0.0892711
0.0144601,0.212437,0,23.848,14.7375,0.801466,0,0.127462
0.0168713,0.17911,0,23.8355,14.6777,0.229835,0,0.107466
0.028125,0.214703,0,23.7186,14.4682,0.0684557,0,0.128822
0.0151849,0.178066,0,23.7873,14.7285,0.640489,0,0.10684
0.019732,0.188351,0,23.7702,14.6277,0.45605,0,0.113011
0.0155561,0.219751,0,23.9004,14.7036,0.135716,0,0.13185
0.0170669,0.215415,0,23.837,14.7199,0.803457,0,0.129249
0.0135912,0.220759,0,23.8831,14.7448,0.288069,0,0.132456
0.01875,0.195937,0,23.752,14.6435,0.374548,0,0.117562
0.0274603,0.164385,0,23.6943,14.4738,0.129519,0,0.0986312
0.0185902,0.222139,0,23.7971,14.6532,0.170147,0,0.133283
0.0110941,0.204772,0,23.8689,14.7893,0.34586,0,0.122863
0.0206221,0.208892,0,23.8718,14.6059,0.118043,0,0.125335
0.0280854,0.224717,0,23.5983,14.5283,0.657127,0,0.13483
0.0215038,0.188996,0,23.7915,14.5986,0.626234,0,0.113398
0.0185215,0.196367,0,23.8394,14.6492,0.520753,0,0.11782
0.0173035,0.181681,0,23.8503,14.6791,0.329945,0,0.109009
0.0172912,0.184562,0,23.7557,14.692,0.466232,0,0.110737
0.0187313,0.189374,0,23.727,14.6675,0.721889,0,0.113625
0.014218,0.217553,0,23.8912,14.7616,0.864305,0,0.130532
0.0242584,0.180283,0,23.7415,14.5534,0.676786,0,0.10817
0.0120879,0.281052,0,23.881,14.8043,1.14193,0,0.168631
0.0231273,0.190152,0,23.6829,14.5674,0.476943,0,0.114091
0.0192548,0.208247,0,23.6319,14.6477,0.575671,0,0.124948
0.0178155,0.160289,0,23.8397,14.6672,0.416618,0,0.0961731
0.0326111,0.161571,0,23.5864,14.3917,0.518259,0,0.0969425
0.0211774,0.233159,0,23.7235,14.5963,0.146491,0,0.139895
0.0147437,0.226565,0,23.8291,14.7261,0.681169,0,0.135939
0.0139032,0.21266,0,23.8998,14.7376,0.179395,0,0.127596
0.0240134,0.164491,0,23.7143,14.547,0.362171,0,0.0986948
0.0249109,0.238799,0,23.6932,14.5338,0.304645,0,0.143279
0.0150713,0.231094,0,23.8179,14.7212,0.116658,0,0.138656
0.0173593,0.177016,0,23.8529,14.6728,0.485763,0,0.10621
0.0130709,0.232839,0,23.9411,14.7564,0.387621,0,0.139703
0.0316484,0.210835,0,23.7277,14.434,0.416179,0,0.126501
0.0311003,0.187631,0,23.6754,14.4057,0.235931,0,0.112578
0.0162321,0.193874,0,23.871,14.6898,0.284367,0,0.116324
0.0164884,0.201903,0,23.7236,14.6973,0.46842,0,0.121142
0.01451,0.215329,0,23.8136,14.7287,0.683628,0,0.129197
0.0174954,0.21755,0,23.7675,14.6704,0.318687,0,0.13053
0.0200871,0.226287,0,23.834,14.616,0.0509844,0,0.135772
0.0136896,0.221496,0,23.8582,14.7455,0.509048,0,0.132897
0.0187241,0.187403,0,23.8793,14.6524,0.603115,0,0.112442
0.0263726,0.15259,0,23.8065,14.4961,0.327697,0,0.0915542
0.0176961,0.19434,0,23.6864,14.6668,0.349336,0,0.116604
0.0160747,0.24579,0,23.8425,14.6953,0.252276,0,0.147474
0.0203186,0.168322,0,23.6571,14.6252,0.45097,0,0.100993
0.0119714,0.204005,0,23.924,14.7712,0.0761218,0,0.122403
0.0165116,0.199621,0,23.8146,14.6842,0.226215,0,0.119773
0.0135806,0.225155,0,23.9339,14.7423,0.22372,0,0.135093
0.0260509,0.245158,0,23.6943,14.5174,0.792366,0,0.147095
0.0220652,0.20256,0,23.6374,14.5982,0.407447,0,0.121536
0.01708,0.180449,0,23.6686,14.6874,0.518062,0,0.108269
0.0423654,0.184891,0,23.2166,14.2153,0.541632,0,0.110934
0.0148437,0.247562,0,23.8967,14.7192,0.330082,0,0.148537
0.00902432,0.19385,0,23.9359,14.8316,0.453568,0,0.11631
0.0212822,0.176712,0,23.6693,14.6175,0.710131,0,0.106027
0.0137685,0.240433,0,23.8798,14.744,0.276746,0,0.14426
0.008065,0.175217,0,23.9405,14.8457,0.0851455,0,0.10513
0.0252004,0.222252,0,23.8392,14.5318,0.192173,0,0.133351
0.00722063,0.189505,0,23.9978,14.8679,0.30959,0,0.113703
0.0162715,0.173199,0,23.8337,14.6887,0.0212536,0,0.10392
0.0265051,0.211766,0,23.8252,14.4993,0.279662,0,0.12706
0.0189183,0.201063,0,23.6282,14.6541,0.566223,0,0.120638
0.0225876,0.245429,0,23.7382,14.5768,0.055923,0,0.147258
0.016838,0.19731,0,23.8133,14.6774,0.168369,0,0.118386
0.0129349,0.164089,0,23.9051,14.7538,0.314723,0,0.0984536
0.0199817,0.223071,0,23.7741,14.6542,0.726589,0,0.133843
0.0225086,0.179656,0,23.6836,14.5736,0.243289,0,0.107794
0.013985,0.147701,0,23.7891,14.7368,0.396224,0,0.0886208
0.0389622,0.19911,0,23.3819,14.3337,0.666845,0,0.119466
0.0183272,0.17826,0,23.8412,14.6505,0.324707,0,0.106956
0.014206,0.207505,0,23.8382,14.7333,0.645214,0,0.124503
0.0228465,0.177474,0,23.668,14.5643,0.0426755,0,0.106484
0.0168316,0.178852,0,23.8358,14.6787,0.187635,0,0.107311
0.0104435,0.21636,0,23.9618,14.8004,0.145848,0,0.129816
0.0118809,0.239717,0,23.8837,14.7728,0.164955,0,0.14383
0.021746,0.237608,0,23.7005,14.594,0.709532,0,0.142565
0.0157055,0.220461,0,23.8484,14.7126,0.68538,0,0.132277
0.0121858,0.159469,0,23.8969,14.7675,0.28059,0,0.0956812
0.0133982,0.207095,0,23.9016,14.7444,0.124065,0,0.124257
0.0236686,0.156346,0,23.7358,14.5618,0.401552,0,0.0938079
0.0143969,0.174055,0,23.8981,14.7292,0.433256,0,0.104433
0.0205697,0.167546,0,23.7771,14.6061,0.110429,0,0.100528
0.0241401,0.234507,0,23.6918,14.5801,0.771452,0,0.140704
0.0198966,0.190118,0,23.7215,14.6286,0.494213,0,0.114071
0.0186367,0.263857,0,23.845,14.6589,0.762291,0,0.158314
0.0179092,0.214078,0,23.7495,14.6748,0.361372,0,0.128447
0.0141686,0.209323,0,23.7927,14.7478,0.697609,0,0.125594
0.016771,0.219915,0,23.7265,14.6949,0.670461,0,0.131949
0.0290512,0.172285,0,23.4976,14.4613,0.389573,0,0.103371
0.0125171,0.146842,0,23.8691,14.7645,0.337511,0,0.088105
0.0175559,0.166846,0,23.7861,14.6776,0.662777,0,0.100108
0.012235,0.155882,0,23.947,14.7678,0.345741,0,0.0935293
0.0229896,0.20669,0,23.673,14.5655,0.133859,0,0.124014
0.0186908,0.190174,0,23.8161,14.6621,0.620448,0,0.114105
0.014004,0.216715,0,23.8657,14.7332,0.117049,0,0.130029
0.0262316,0.204285,0,23.7677,14.5055,0.214956,0,0.122571
0.0302351,0.187838,0,23.4349,14.4848,0.697149,0,0.112703
0.00698648,0.173131,0,23.9799,14.8727,0.441876,0,0.103879
0.018475,0.254641,0,23.8066,14.6852,0.336015,0,0.152785
0.0162404,0.220957,0,23.9034,14.689,0.210256,0,0.132574
0.009375,0.183077,0,23.9939,14.8295,0.37156,0,0.109846
0.0179687,0.200317,0,23.7775,14.6862,0.798609,0,0.12019
0.0189238,0.25556,0,23.7017,14.6924,1.20601,0,0.153336
0.0313845,0.252262,0,23.4359,14.4444,0.291057,0,0.151357
0.0159572,0.238389,0,23.842,14.7043,0.484157,0,0.143033
0.0195938,0.208767,0,23.6831,14.625,0.0851712,0,0.12526
0.009375,0.2031,0,23.9498,14.8225,0.323656,0,0.12186
0.0121683,0.224815,0,23.8708,14.7869,0.559314,0,0.134889
0.0194381,0.2372,0,23.6496,14.6542,0.957027,0,0.14232
0.0200994,0.25796,0,23.7748,14.6489,0.644302,0,0.154776
0.0173645,0.222944,0,23.7788,14.6918,0.522123,0,0.133766
0.0101563,0.222195,0,23.8545,14.8062,0.159985,0,0.133317
0.0210938,0.18192,0,23.6616,14.6175,0.661036,0,0.109152
0.0159316,0.222906,0,23.8097,14.6953,0.26024,0,0.133744
0.0170977,0.236046,0,23.793,14.6747,0.176475,0,0.141628
0.0106192,0.131008,0,23.8976,14.8014,0.411913,0,0.0786048
0.030316,0.187111,0,23.5995,14.4888,0.700407,0,0.112267
0.0153703,0.205587,0,23.8821,14.7202,0.43834,0,0.123352
0.0130565,0.195494,0,23.9088,14.7593,0.356724,0,0.117297
0.0180658,0.172378,0,23.7716,14.6707,0.391996,0,0.103427
0.0134443,0.220898,0,23.8512,14.7594,0.680438,0,0.132539
0.0178314,0.171108,0,23.9146,14.6596,0.145329,0,0.102665
0.017526,0.184268,0,23.833,14.6723,0.183983,0,0.110561
0.0148438,0.15594,0,23.8264,14.7185,0.301717,0,0.0935639
0.0257812,0.240931,0,23.7961,14.5135,0.653888,0,0.144559
0.0200992,0.157009,0,23.7532,14.6422,0.549716,0,0.0942053
0.0194922,0.217008,0,23.795,14.6355,0.433877,0,0.130205
0.0165403,0.209333,0,23.821,14.7301,0.582625,0,0.1256
0.0370775,0.190248,0,23.4014,14.2907,0.202948,0,0.114149
0.0159367,0.186388,0,23.8723,14.6959,0.268394,0,0.111833
0.0274805,0.201834,0,23.7319,14.4816,0.63398,0,0.121101
0.0232967,0.190872,0,23.7974,14.5581,0.478364,0,0.114523
0.0161719,0.175414,0,23.8259,14.6981,0.2906,0,0.105248
0.0202802,0.144186,0,23.7223,14.6271,0.566802,0,0.0865118
0.0233902,0.247316,0,23.7043,14.5619,0.639699,0,0.14839
0.0239296,0.138213,0,23.8297,14.5425,0.251858,0,0.0829279
0.0203591,0.194605,0,23.6844,14.6183,0.562515,0,0.116763
0.00947616,0.164361,0,23.9812,14.8211,0.617154,0,0.0986168
0.0139838,0.258203,0,23.8182,14.7413,0.645416,0,0.154922
0.0193001,0.193761,0,23.7469,14.6399,0.282456,0,0.116256
0.0230759,0.189911,0,23.7758,14.582,0.449809,0,0.113947
0.0117507,0.210198,0,23.8955,14.7764,0.434844,0,0.126119
0.00899813,0.19737,0,23.969,14.8321,0.458632,0,0.118422
0.0130681,0.198447,0,23.8876,14.7509,0.182492,0,0.119068
0.0274801,0.255414,0,23.5251,14.4955,0.533397,0,0.153249
0.0171875,0.18171,0,23.735,14.6798,0.370402,0,0.109026
0.014893,0.260012,0,23.8874,14.7484,0.378758,0,0.156007
0.0225242,0.215597,0,23.6755,14.5861,0.594204,0,0.129358
0.0215086,0.18827,0,23.7103,14.5916,0.233507,0,0.112962
0.0199683,0.174868,0,23.7508,14.623,0.437057,0,0.104921
0.0132813,0.207641,0,23.7929,14.7694,0.635845,0,0.124584
0.0146683,0.188702,0,23.8273,14.7205,0.342263,0,0.113221
0.0231396,0.177235,0,23.6536,14.5781,0.81213,0,0.106341
0.0252192,0.215507,0,23.7365,14.5217,0.577067,0,0.129304
0.0181672,0.235802,0,23.8105,14.6518,0.115521,0,0.141481
0.0117306,0.243403,0,23.9255,14.7955,0.678241,0,0.146042
0.00975706,0.166054,0,23.9352,14.8254,0.77729,0,0.0996324
0.0157985,0.229256,0,23.7844,14.7029,0.237954,0,0.137554
0.0253453,0.166032,0,23.8016,14.5487,0.535996,0,0.0996191
0.0164489,0.209197,0,23.7862,14.6889,0.440138,0,0.125518
0.0140495,0.169078,0,23.7885,14.7447,0.49883,0,0.101447
0.0154419,0.202935,0,23.8338,14.7057,0.348454,0,0.121761
0.021108,0.21659,0,23.6866,14.5976,0.19419,0,0.129954
0.0149205,0.2295,0,23.9038,14.7153,0.15657,0,0.1377
0.0155693,0.198046,0,23.8408,14.7151,0.537782,0,0.118828
0.0190467,0.153463,0,23.7516,14.6496,0.495018,0,0.0920776
0.00971082,0.223018,0,23.9562,14.8145,0.143467,0,0.133811
0.0222032,0.177208,0,23.6678,14.5781,0.286747,0,0.106325
0.0146435,0.186808,0,23.8328,14.7237,0.2017,0,0.112085
0.0167881,0.266955,0,23.8292,14.6911,0.871167,0,0.160173
0.0215453,0.223755,0,23.6764,14.5975,0.286015,0,0.134253
0.0260535,0.183057,0,23.5005,14.5375,0.728218,0,0.109834
0.0191015,0.179049,0,23.8115,14.6628,0.557605,0,0.10743
0.0159672,0.185249,0,23.7723,14.6998,0.525947,0,0.111149
0.0181133,0.237458,0,23.8773,14.6574,0.468877,0,0.142475
0.0162667,0.143522,0,23.7892,14.6938,0.298664,0,0.0861133
0.0435761,0.272936,0,23.4348,14.3956,1.11142,0,0.163761
0.0184841,0.162174,0,23.7155,14.651,0.43362,0,0.0973045
0.0164216,0.237501,0,23.7669,14.718,0.848136,0,0.142501
0.0172786,0.214644,0,23.8091,14.6709,0.145814,0,0.128786
0.0141743,0.186316,0,23.8352,14.7298,0.31544,0,0.11179
0.0185925,0.233712,0,23.8404,14.6676,0.560693,0,0.140227
0.0133097,0.256029,0,23.9236,14.7464,0.492397,0,0.153618
0.0318018,0.21357,0,23.5648,14.4326,0.706401,0,0.128142
0.0226006,0.231158,0,23.7889,14.5741,0.0309114,0,0.138695
0.0175525,0.176043,0,23.7929,14.6757,0.616004,0,0.105626
0.017772,0.215797,0,23.8353,14.6724,0.442763,0,0.129478
0.00951871,0.190566,0,23.9329,14.8213,0.518356,0,0.114339
0.0191206,0.212887,0,23.7574,14.6406,0.390161,0,0.127732
0.0148438,0.172103,0,23.8431,14.7323,0.703224,0,0.103262
0.0237719,0.204643,0,23.6198,14.5467,0.116759,0,0.122786
0.028125,0.198334,0,23.7472,14.4838,0.412781,0,0.119001
0.0178663,0.179583,0,23.7114,14.6781,0.606838,0,0.10775
0.0159304,0.18569,0,23.8104,14.6947,0.0435977,0,0.111414
0.0152402,0.166606,0,23.7727,14.7122,0.369784,0,0.0999639
0.020726,0.15811,0,23.7095,14.6134,0.59543,0,0.094866
0.0391012,0.203899,0,23.442,14.2536,0.107546,0,0.12234
0.00947977,0.191222,0,23.9572,14.8294,0.483765,0,0.114733
0.0200988,0.20727,0,23.6741,14.6463,0.596254,0,0.124362
0.0170469,0.179807,0,23.7902,14.7039,0.53628,0,0.107884
0.0231211,0.231561,0,23.6989,14.5587,0.120842,0,0.138937
0.0155754,0.195187,0,23.7458,14.7037,0.238513,0,0.117112
0.0212162,0.181069,0,23.7745,14.5966,0.450761,0,0.108641
0.0201623,0.20843,0,23.7346,14.6158,0.0898852,0,0.125058
0.0126856,0.151994,0,23.9593,14.7677,0.43462,0,0.0911964
0.011387,0.212057,0,23.8854,14.7826,0.276453,0,0.127234
0.0120267,0.167299,0,23.9013,14.7881,0.645877,0,0.100379
0.0167982,0.207281,0,23.8301,14.6868,0.194582,0,0.124368
0.0205017,0.185864,0,23.7554,14.6078,0.249775,0,0.111518
0.0341172,0.203186,0,23.5173,14.355,0.0644565,0,0.121912
0.0130924,0.192165,0,23.9064,14.7497,0.179812,0,0.115299
0.020902,0.208912,0,23.6626,14.6239,0.753131,0,0.125347
0.0161365,0.198916,0,23.9158,14.6943,0.374993,0,0.11935
0.0173871,0.210112,0,23.7496,14.6749,0.487353,0,0.126067
0.0247189,0.161762,0,23.6392,14.5288,0.262993,0,0.0970574
0.0164214,0.223957,0,23.8663,14.6896,0.418024,0,0.134374
0.0115941,0.225652,0,23.8929,14.7793,0.0126834,0,0.135391
0.019846,0.173255,0,23.7737,14.6352,0.31069,0,0.103953
0.00810737,0.166201,0,23.9763,14.8469,0.260152,0,0.0997207
0.0310018,0.242283,0,23.4059,14.409,0.0970063,0,0.14537
0.0158963,0.17586,0,23.8675,14.7129,0.346,0,0.105516
0.0218876,0.231071,0,23.6692,14.593,0.742004,0,0.138643
0.0203221,0.170349,0,23.7323,14.6274,0.589182,0,0.102209
0.0133791,0.174913,0,23.8461,14.7514,0.612467,0,0.104948
0.0117993,0.184806,0,23.915,14.7766,0.164468,0,0.110884
0.0167597,0.163724,0,23.7604,14.6855,0.440704,0,0.0982341
0.0187717,0.236595,0,23.7332,14.6589,0.842821,0,0.141957
0.0141887,0.161432,0,23.8982,14.73,0.33654,0,0.0968591
0.0182042,0.175542,0,23.7989,14.6584,0.560885,0,0.105325
0.0164512,0.203195,0,23.8681,14.6859,0.14007,0,0.121917
0.0336008,0.185398,0,23.6126,14.378,0.558785,0,0.111239
0.0173484,0.178413,0,23.8185,14.6777,0.451985,0,0.107048
0.0279321,0.204327,0,23.6672,14.4856,0.647411,0,0.122596
0.0165664,0.252781,0,23.7568,14.7148,0.608652,0,0.151668
0.0214298,0.217863,0,23.7306,14.6024,0.740756,0,0.130718
0.0363999,0.175837,0,23.4428,14.3111,0.270303,0,0.105502
0.0204061,0.211625,0,23.6915,14.6107,0.153531,0,0.126975
0.0186534,0.208277,0,23.7775,14.6473,0.573514,0,0.124966
0.0222256,0.244244,0,23.6203,14.6136,0.766366,0,0.146546
0.0292068,0.192755,0,23.6181,14.442,0.217857,0,0.115653
0.0118273,0.17127,0,23.9266,14.7827,0.549163,0,0.102762
0.0268011,0.189927,0,23.8249,14.4926,0.471879,0,0.113956
0.0108664,0.235018,0,23.9165,14.7923,0.0398498,0,0.141011
0.0216223,0.181558,0,23.7813,14.5881,0.0791965,0,0.108935
0.0177201,0.215236,0,23.7493,14.6876,0.744277,0,0.129142
0.0149798,0.219666,0,23.8577,14.714,0.0606036,0,0.1318
0.0252423,0.186587,0,23.506,14.5428,0.793165,0,0.111952
0.0205771,0.185622,0,23.7701,14.6061,0.0308633,0,0.111373
0.0151121,0.243989,0,23.8527,14.753,0.511057,0,0.146393
0.0194511,0.169049,0,23.7791,14.6297,0.253435,0,0.101429
0.0193363,0.202398,0,23.8872,14.6297,0.14239,0,0.121439
0.0136639,0.197151,0,23.8582,14.7391,0.00736856,0,0.118291
0.0126847,0.20161,0,23.8957,14.7607,0.335989,0,0.120966
0.0132824,0.157677,0,23.9424,14.7494,0.397101,0,0.0946064
0.0208219,0.196416,0,23.7313,14.6038,0.0469122,0,0.11785
0.0111801,0.179041,0,23.9752,14.7879,0.134109,0,0.107425
0.0193804,0.214551,0,23.7687,14.6776,0.948421,0,0.128731
0.0197363,0.176914,0,23.697,14.6232,0.111337,0,0.106148
0.0126244,0.154802,0,23.9497,14.7639,0.332057,0,0.092881
0.0200653,0.211968,0,23.7289,14.6337,0.40556,0,0.127181
0.0159247,0.147343,0,23.831,14.7027,0.521535,0,0.0884056
0.00947519,0.197595,0,23.9389,14.8189,0.198068,0,0.118557
0.00972333,0.202956,0,23.9609,14.8139,0.13792,0,0.121774
0.0242416,0.215573,0,23.6956,14.5886,0.861951,0,0.129344
0.0269103,0.21899,0,23.5563,14.5084,0.413228,0,0.131394
0.0195312,0.205742,0,23.7719,14.6323,0.207959,0,0.123445
0.0187817,0.28622,0,23.7641,14.687,0.738214,0,0.171732
0.0173532,0.188362,0,23.8298,14.7021,0.685194,0,0.113017
0.0115947,0.190054,0,23.9541,14.779,0.306839,0,0.114033
0.0218806,0.170933,0,23.7241,14.5856,0.370122,0,0.10256
0.0161233,0.196193,0,23.833,14.6926,0.383972,0,0.117716
0.0149495,0.189879,0,23.8462,14.7147,0.0627265,0,0.113928
0.0188369,0.184642,0,23.6831,14.6481,0.667892,0,0.110785
0.0241787,0.244936,0,23.5885,14.5436,0.217368,0,0.146962
0.0196263,0.167017,0,23.6696,14.6491,0.597092,0,0.10021
0.0199741,0.225486,0,23.7511,14.6354,0.394147,0,0.135291
0.0129643,0.183599,0,23.8826,14.7528,0.327582,0,0.110159
0.0149201,0.141166,0,23.847,14.7165,0.282221,0,0.0846995
0.0214089,0.182055,0,23.7735,14.6137,0.377764,0,0.109233
0.0155727,0.18682,0,23.8599,14.7031,0.357041,0,0.112092
0.0155838,0.172107,0,23.8156,14.7028,0.267736,0,0.103264
0.00859375,0.198846,0,23.951,14.8381,0.289591,0,0.119308
0.024555,0.172285,0,23.8,14.5297,0.134733,0,0.103371
0.0119381,0.200478,0,23.9146,14.7848,0.392623,0,0.120287
0.0142765,0.269519,0,23.8844,14.7923,1.04072,0,0.161711
0.01664,0.229236,0,23.765,14.69,0.38889,0,0.137542
0.0148094,0.199677,0,23.8638,14.7181,0.36377,0,0.119806
0.0141533,0.200011,0,23.8795,14.7327,0.30529,0,0.120007
0.00986778,0.202333,0,23.956,14.8248,0.856271,0,0.1214
0.00920739,0.181181,0,24.0113,14.8331,0.479805,0,0.108708
0.0260803,0.185629,0,23.4857,14.5231,0.650737,0,0.111377
0.0202882,0.263655,0,23.6674,14.615,0.173699,0,0.158193
0.0206292,0.184169,0,23.7178,14.6145,0.600463,0,0.110502
0.0361097,0.204239,0,23.4961,14.3135,0.503374,0,0.122543
0.0106545,0.243222,0,23.9027,14.7969,0.00814104,0,0.145933
0.0109758,0.227112,0,23.9368,14.7938,0.277149,0,0.136267
0.0228514,0.178534,0,23.8498,14.5676,0.608089,0,0.10712
0.0210592,0.166347,0,23.7917,14.6006,0.489101,0,0.0998084
0.0147865,0.195482,0,23.8987,14.7279,0.817567,0,0.117289
0.0152944,0.227257,0,23.84,14.7106,0.460568,0,0.136354
0.0215183,0.211698,0,23.7906,14.595,0.174026,0,0.127019
0.0156967,0.191683,0,23.8255,14.7004,0.174508,0,0.11501
0.0172996,0.173294,0,23.7794,14.684,0.656342,0,0.103977
0.0132874,0.206774,0,23.815,14.7493,0.109378,0,0.124064
0.0138517,0.228525,0,23.876,14.7358,0.0204511,0,0.137115
0.0240002,0.198133,0,23.581,14.5626,0.559178,0,0.11888
0.0271645,0.208827,0,23.5515,14.4985,0.352265,0,0.125296
0.0217447,0.210058,0,23.6389,14.6062,0.608737,0,0.126035
0.02464,0.160278,0,23.6898,14.5398,0.418139,0,0.0961669
0.0122245,0.19487,0,23.9065,14.7694,0.473331,0,0.116922
0.0157273,0.267647,0,23.8411,14.7136,0.602385,0,0.160588
0.0221109,0.154776,0,23.6106,14.5881,0.504199,0,0.0928658
0.0123921,0.280264,0,23.9211,14.8141,0.930095,0,0.168158
0.0163257,0.188845,0,23.8484,14.6948,0.566893,0,0.113307
0.0124729,0.224025,0,23.8843,14.7691,0.603899,0,0.134415
0.0221785,0.267622,0,23.6182,14.6463,0.827049,0,0.160573
0.0171875,0.195059,0,23.7873,14.677,0.346702,0,0.117036
0.024294,0.223333,0,23.7983,14.537,0.031343,0,0.134
0.0169434,0.187035,0,23.7733,14.6826,0.52416,0,0.112221
0.0177921,0.216775,0,23.7649,14.6881,0.8459,0,0.130065
0.0241224,0.214023,0,23.6679,14.5437,0.149294,0,0.128414
0.0119207,0.220835,0,23.8961,14.7732,0.404904,0,0.132501
0.0222981,0.185428,0,23.6797,14.5921,0.522012,0,0.111257
0.0152994,0.274471,0,23.8216,14.7459,0.905982,0,0.164682
0.00916897,0.258455,0,23.9569,14.8252,0.0403981,0,0.155073
0.0312854,0.170524,0,23.7001,14.4105,0.429401,0,0.102315
0.0158827,0.219239,0,23.8663,14.6968,0.0398984,0,0.131543
0.0299959,0.200631,0,23.637,14.472,0.462331,0,0.120379
0.013585,0.223247,0,23.8769,14.7402,0.105575,0,0.133948
0.0154408,0.20142,0,23.8429,14.7156,0.293983,0,0.120852
0.0134418,0.249915,0,23.9338,14.7469,0.270969,0,0.149949
0.015027,0.15771,0,23.8257,14.7204,0.332934,0,0.094626
0.0159021,0.207243,0,23.8319,14.6993,0.382813,0,0.124346
0.0197499,0.204791,0,23.7328,14.642,0.557986,0,0.122875
0.0156254,0.195316,0,23.8157,14.7062,0.473638,0,0.11719
0.022341,0.221616,0,23.7008,14.5946,0.46021,0,0.132969
0.0243972,0.200106,0,23.6145,14.566,0.690073,0,0.120064
0.00468604,0.184231,0,24.0523,14.9126,0.352487,0,0.110539
0.0210938,0.189096,0,23.8534,14.6074,0.571486,0,0.113458
0.0208125,0.22025,0,23.7919,14.6498,0.776988,0,0.13215
0.0132813,0.182236,0,23.8995,14.7505,0.319252,0,0.109342
0.0207779,0.170385,0,23.776,14.6238,0.481316,0,0.102231
0.0150188,0.151935,0,23.8998,14.714,0.265964,0,0.0911613
0.0178584,0.263558,0,23.7951,14.6905,0.536434,0,0.158135
0.0142124,0.220521,0,23.8106,14.7325,0.174119,0,0.132313
0.0139052,0.239486,0,23.812,14.7496,0.619094,0,0.143691
0.0144769,0.156083,0,23.8226,14.7264,0.24412,0,0.09365
0.0182788,0.254862,0,23.7877,14.6555,0.517485,0,0.152917
0.0150202,0.229433,0,23.9082,14.7154,0.0541911,0,0.13766
0.0149019,0.184284,0,23.8662,14.7164,0.266387,0,0.11057
0.0369622,0.210204,0,23.5932,14.2945,0.316964,0,0.126122
0.0206005,0.152667,0,23.7173,14.6085,0.336794,0,0.0916004
0.0158696,0.193971,0,23.8772,14.7043,0.453143,0,0.116382
0.0210734,0.195875,0,23.7406,14.5968,0.0854268,0,0.117525
0.013958,0.234263,0,23.8594,14.7543,0.728789,0,0.140558
0.0112622,0.195354,0,23.9814,14.7858,0.544926,0,0.117212
0.0154836,0.342877,0,23.8211,14.7463,0.825812,0,0.205726
0.0274242,0.174944,0,23.6662,14.4773,0.19765,0,0.104966
0.0177204,0.191433,0,23.8527,14.6618,0.0265779,0,0.11486
0.0189041,0.191765,0,23.6995,14.647,0.31886,0,0.115059
0.0117159,0.192551,0,23.9555,14.7761,0.0641513,0,0.115531
0.0172592,0.280651,0,23.7514,14.6886,0.449492,0,0.168391
0.0160573,0.211592,0,23.9192,14.6953,0.176943,0,0.126955
0.0191999,0.201324,0,23.7409,14.6513,0.75685,0,0.120795
0.0340112,0.20017,0,23.4539,14.3686,0.702249,0,0.120102
0.0148438,0.222335,0,23.8079,14.7185,0.271461,0,0.133401
0.0344613,0.172192,0,23.6628,14.3605,0.439735,0,0.103315
0.0268801,0.225342,0,23.634,14.4895,0.142052,0,0.135205
0.0113536,0.257871,0,23.9617,14.7829,0.226089,0,0.154723
0.0321691,0.140829,0,23.5093,14.3862,0.184183,0,0.0844976
0.014029,0.181049,0,23.8994,14.7361,0.202986,0,0.108629
0.0217211,0.208842,0,23.7194,14.5882,0.303533,0,0.125305
0.0151397,0.220857,0,23.8444,14.7107,0.307395,0,0.132514
0.0140963,0.188952,0,23.9192,14.7322,0.0889897,0,0.113371
0.0244566,0.19913,0,23.6673,14.5555,0.556632,0,0.119478
0.0161772,0.196678,0,23.8485,14.6908,0.108355,0,0.118007
0.0218868,0.241634,0,23.7304,14.6122,0.640236,0,0.14498
0.0148881,0.216022,0,23.8401,14.7232,0.184449,0,0.129613
0.017866,0.215702,0,23.7678,14.6943,0.75197,0,0.129421
0.0215343,0.164349,0,23.7413,14.5963,0.443356,0,0.0986091
0.0180367,0.238734,0,23.7166,14.6607,0.440365,0,0.14324
0.0117359,0.195467,0,23.9316,14.776,0.0892401,0,0.11728
0.0190563,0.18931,0,23.6823,14.6495,0.68985,0,0.113586
0.0309601,0.253326,0,23.5377,14.456,0.669919,0,0.151995
0.0260114,0.165384,0,23.6013,14.534,0.652195,0,0.0992306
0.0180331,0.195572,0,23.8349,14.6622,0.236464,0,0.117343
0.0286989,0.144226,0,23.5464,14.4625,0.40421,0,0.0865353
0.0191911,0.175581,0,23.7427,14.6336,0.0823426,0,0.105348
0.0229882,0.191874,0,23.8029,14.5606,0.200254,0,0.115124
0.0125,0.182725,0,23.8687,14.7693,0.591872,0,0.109635
0.0102867,0.203763,0,23.9482,14.8064,0.562854,0,0.122258
0.0227493,0.159929,0,23.7337,14.5825,0.457959,0,0.0959577
0.0209996,0.168352,0,23.8569,14.5996,0.350385,0,0.101011
0.0139719,0.158357,0,23.82,14.7409,0.458727,0,0.0950143
0.0262304,0.194812,0,23.6111,14.5083,0.513143,0,0.116887
0.0290121,0.232795,0,23.7233,14.4853,0.520937,0,0.139677
0.0128308,0.182113,0,23.8975,14.7584,0.383957,0,0.109268
0.0199204,0.210799,0,23.7745,14.6192,0.180706,0,0.12648
0.0245455,0.188917,0,23.6066,14.5418,0.316398,0,0.11335
0.00882799,0.171274,0,23.9562,14.8326,0.427278,0,0.102764
0.0195458,0.14311,0,23.751,14.6327,0.515601,0,0.0858659
0.0125,0.216592,0,23.9248,14.7706,0.56063,0,0.129955
0.0131769,0.204791,0,23.844,14.7575,0.589015,0,0.122875
0.0182579,0.184474,0,23.8055,14.6593,0.445131,0,0.110684
0.0349088,0.232973,0,23.658,14.3321,0.0487518,0,0.139784
0.0266896,0.166202,0,23.5519,14.5014,0.418557,0,0.0997211
0.0118945,0.178516,0,23.9278,14.7746,0.395459,0,0.10711
0.0151849,0.22568,0,23.7446,14.7325,0.629726,0,0.135408
0.0176884,0.175131,0,23.8054,14.6745,0.421996,0,0.105079
0.0132204,0.254743,0,23.8785,14.7484,0.00246906,0,0.152846
0.0193656,0.222763,0,23.7165,14.6502,0.645712,0,0.133658
0.027213,0.244927,0,23.6812,14.5357,0.347089,0,0.146956
0.0134354,0.19896,0,23.8249,14.7453,0.059412,0,0.119376
0.0246299,0.187399,0,23.7139,14.5412,0.518432,0,0.11244
0.0163141,0.182865,0,23.7834,14.6987,0.694146,0,0.109719
0.00979648,0.22806,0,23.9361,14.8154,0.2161,0,0.136836
0.0260989,0.261629,0,23.5493,14.537,0.948206,0,0.156977
0.0188376,0.221224,0,23.8459,14.6393,0.056356,0,0.132734
0.0166489,0.177745,0,23.8433,14.6869,0.463288,0,0.106647
0.00894043,0.221688,0,23.9614,14.8455,0.720394,0,0.133013
0.0148438,0.214466,0,23.8089,14.7227,0.459961,0,0.12868
0.0229769,0.272663,0,23.7681,14.5789,0.257197,0,0.163598
0.0330755,0.197639,0,23.4611,14.4164,0.656847,0,0.118584
0.0301426,0.180054,0,23.7126,14.4285,0.362455,0,0.108032
0.0221641,0.210405,0,23.8548,14.5835,0.421436,0,0.126243
0.0356405,0.22615,0,23.5627,14.3544,0.604951,0,0.13569
0.0183236,0.227895,0,23.8864,14.6508,0.0745106,0,0.136737
0.0135963,0.258263,0,23.8916,14.7561,0.815144,0,0.154958
0.01875,0.164203,0,23.84,14.6545,0.525013,0,0.0985218
0.0193058,0.245683,0,23.7609,14.6719,0.770052,0,0.14741
0.0136209,0.125576,0,23.8848,14.7473,0.463296,0,0.0753456
0.0257192,0.173657,0,23.6881,14.5138,0.398831,0,0.104194
0.0144238,0.23512,0,23.8723,14.7256,0.0275083,0,0.141072
0.00781532,0.174674,0,23.9695,14.8544,0.350271,0,0.104805
0.0173767,0.225521,0,23.8251,14.6819,0.239167,0,0.135313
0.0180381,0.213027,0,23.8553,14.6614,0.115809,0,0.127816
0.0314294,0.192738,0,23.8088,14.4,0.0683637,0,0.115643
0.0248542,0.224487,0,23.6689,14.5587,0.457901,0,0.134692
0.0195313,0.19123,0,23.7314,14.6474,0.314367,0,0.114738
0.0181432,0.152112,0,23.8188,14.6534,0.235615,0,0.0912671
0.0281569,0.209985,0,23.6353,14.4629,0.437263,0,0.125991
0.0259045,0.183823,0,23.8371,14.5036,0.0111747,0,0.110294
0.0204432,0.210774,0,23.8436,14.6193,0.310673,0,0.126464
0.0152097,0.223756,0,23.8153,14.7226,0.20364,0,0.134253
0.0162856,0.20818,0,23.8699,14.744,0.572399,0,0.124908
0.0130481,0.189455,0,23.8325,14.751,0.0111432,0,0.113673
0.01211,0.171846,0,23.9023,14.7747,0.267532,0,0.103108
0.0125,0.216019,0,23.8868,14.7614,0.111779,0,0.129611
0.0174272,0.203797,0,23.7636,14.6694,0.260925,0,0.122278
0.0133365,0.149635,0,23.8289,14.751,0.587833,0,0.0897809
0.0283045,0.191096,0,23.7553,14.4588,0.349869,0,0.114657
0.0230087,0.168481,0,23.7839,14.5664,0.605072,0,0.101089
0.014129,0.207408,0,23.8371,14.731,0.211941,0,0.124445
0.0310691,0.156988,0,23.4818,14.452,0.752101,0,0.0941928
0.0226563,0.185381,0,23.7579,14.5677,0.209156,0,0.111229
0.0134687,0.164914,0,23.851,14.7434,0.303442,0,0.0989483
0.0211557,0.171824,0,23.8038,14.5993,0.329171,0,0.103094
0.01663,0.244691,0,23.8373,14.7307,0.990483,0,0.146814
0.0169861,0.171245,0,23.8591,14.6879,0.341025,0,0.102747
0.023402,0.210033,0,23.7012,14.5561,0.226685,0,0.12602
0.0195911,0.199115,0,23.8236,14.6277,0.177548,0,0.119469
0.0172623,0.217549,0,23.7729,14.6761,0.213099,0,0.130529
0.0128545,0.165318,0,23.9477,14.7539,0.213061,0,0.0991906
0.0232551,0.200368,0,23.6991,14.5895,0.725138,0,0.120221
0.0189767,0.192152,0,23.8453,14.6404,0.128412,0,0.115291
0.0287416,0.192393,0,23.3586,14.4779,0.512794,0,0.115436
0.014112,0.162128,0,23.84,14.7358,0.386491,0,0.097277
0.013988,0.221291,0,23.8766,14.7415,0.600886,0,0.132775
0.0265144,0.167028,0,23.6647,14.5375,0.772683,0,0.100217
0.0141469,0.19381,0,23.8304,14.73,0.130391,0,0.116286
0.0170499,0.182593,0,23.8397,14.6839,0.34585,0,0.109556
0.0242376,0.189177,0,23.747,14.5491,0.442298,0,0.113506
0.0186701,0.208968,0,23.6857,14.6621,0.676715,0,0.125381
0.019497,0.210638,0,23.8211,14.6515,0.599813,0,0.126383
0.0210669,0.222807,0,23.8051,14.5985,0.104253,0,0.133684
0.0190076,0.189376,0,23.8215,14.646,0.511784,0,0.113626
0.0201067,0.185215,0,23.6936,14.6236,0.388708,0,0.111129
0.0301342,0.18919,0,23.4735,14.424,0.20344,0,0.113514
0.018652,0.209155,0,23.7593,14.6454,0.329453,0,0.125493
0.0231393,0.206105,0,23.7547,14.5782,0.384696,0,0.123663
0.0193413,0.217923,0,23.7038,14.6366,0.540207,0,0.130754
0.0171253,0.219048,0,23.7882,14.7013,0.67214,0,0.131429
0.00859375,0.193905,0,23.9756,14.8431,0.63264,0,0.116343
0.0138486,0.192666,0,23.8418,14.739,0.311302,0,0.1156
0.0179168,0.143811,0,23.818,14.6613,0.494146,0,0.0862864
0.011893,0.138474,0,23.946,14.7901,0.511241,0,0.0830841
0.0173334,0.16988,0,23.8246,14.6705,0.266134,0,0.101928
0.0221062,0.229695,0,23.725,14.6004,0.255506,0,0.137817
0.0189349,0.253176,0,23.7828,14.682,0.292253,0,0.151905
0.026824,0.273939,0,23.7885,14.5236,0.0274787,0,0.164364
0.0318155,0.226177,0,23.6523,14.4425,0.753053,0,0.135706
0.0164062,0.204633,0,23.7818,14.6876,0.300976,0,0.12278
0.0168744,0.177425,0,23.8873,14.6814,0.367929,0,0.106455
0.0109318,0.266723,0,23.8737,14.7979,0.176338,0,0.160034
0.0212,0.201694,0,23.7167,14.6017,0.416581,0,0.121017
