t,x,y,yaw,v,w,t_abs
0.022,1.2000,5.0000,0.0000,0.0000,0.0000,1788739534.797
0.042,1.2000,5.0000,0.0000,0.0000,0.0000,1788739534.817
0.062,1.2000,5.0000,0.0000,0.0000,0.0000,1788739534.837
0.082,1.2000,5.0000,0.0000,0.0000,0.0000,1788739534.857
0.102,1.2000,5.0000,0.0000,0.0000,0.0000,1788739534.877
0.122,1.2000,5.0000,0.0000,0.0000,0.0000,1788739534.897
0.142,1.2000,5.0000,0.0000,0.0000,0.0000,1788739534.917
0.162,1.2000,5.0000,0.0000,0.0000,0.0000,1788739534.937
0.182,1.2000,5.0000,0.0000,0.0000,0.0000,1788739534.957
0.202,1.2000,5.0000,0.0000,0.0000,0.0000,1788739534.977
0.222,1.2000,5.0000,0.0000,0.0000,0.0000,1788739534.997
0.242,1.2000,5.0000,0.0000,0.0000,0.0000,1788739535.017
0.262,1.2000,5.0000,0.0000,0.0000,0.0000,1788739535.037
0.282,1.2000,5.0000,0.0000,0.0000,0.0000,1788739535.057
0.302,1.2000,5.0000,0.0000,0.0000,0.0000,1788739535.077
0.322,1.2000,5.0000,0.0000,0.0000,0.0000,1788739535.097
0.342,1.2000,5.0000,0.0000,0.0000,0.0000,1788739535.117
0.362,1.2000,5.0000,0.0000,0.0000,0.0000,1788739535.137
0.382,1.2000,5.0000,0.0000,0.0000,0.0000,1788739535.157
0.402,1.2000,5.0000,0.0000,0.0000,0.0000,1788739535.177
0.422,1.2000,5.0000,0.0000,0.0000,0.0000,1788739535.197
0.442,1.2000,5.0000,0.0000,0.0000,0.0000,1788739535.217
0.462,1.2000,5.0000,0.0000,0.0000,0.0000,1788739535.237
0.482,1.2000,5.0000,0.0000,0.0000,0.0000,1788739535.257
0.502,1.2000,5.0000,0.0000,0.0000,0.0000,1788739535.277
0.522,1.2000,5.0000,0.0000,0.0000,0.0000,1788739535.297
0.543,1.2000,5.0000,0.0000,0.0000,0.0000,1788739535.317
0.562,1.2000,5.0000,0.0000,0.0000,0.0000,1788739535.337
0.582,1.2000,5.0000,0.0000,0.0000,0.0000,1788739535.357
0.602,1.2000,5.0000,0.0000,0.0000,0.0000,1788739535.377
0.622,1.2000,5.0000,0.0000,0.0000,0.0000,1788739535.397
0.642,1.2000,5.0000,0.0000,0.0000,0.0000,1788739535.417
0.662,1.2000,5.0000,0.0000,0.0000,0.0000,1788739535.437
0.682,1.2000,5.0000,0.0000,0.0000,0.0000,1788739535.457
0.702,1.2000,5.0000,0.0000,0.0000,0.0000,1788739535.477
0.722,1.2000,5.0000,0.0000,0.0000,0.0000,1788739535.497
0.742,1.2000,5.0000,0.0000,0.0000,0.0000,1788739535.517
0.762,1.2000,5.0000,0.0000,0.0000,0.0000,1788739535.537
0.782,1.2000,5.0000,0.0000,0.0000,0.0000,1788739535.557
0.802,1.2000,5.0000,0.0000,0.0000,0.0000,1788739535.577
0.822,1.2000,5.0000,0.0000,0.0000,0.0000,1788739535.597
0.842,1.2000,5.0000,0.0000,0.0000,0.0000,1788739535.617
0.862,1.2000,5.0000,0.0000,0.0000,0.0000,1788739535.637
0.882,1.2000,5.0000,0.0000,0.0000,0.0000,1788739535.657
0.902,1.2000,5.0000,0.0000,0.0000,0.0000,1788739535.677
0.922,1.2000,5.0000,0.0000,0.0000,0.0000,1788739535.697
0.942,1.2000,5.0000,0.0000,0.0000,0.0000,1788739535.717
0.962,1.2000,5.0000,0.0000,0.0000,0.0000,1788739535.737
0.982,1.2000,5.0000,0.0000,0.0000,0.0000,1788739535.757
1.002,1.2000,5.0000,0.0000,0.0000,0.0000,1788739535.777
1.022,1.2000,5.0000,0.0000,0.0000,0.0000,1788739535.797
1.042,1.2000,5.0000,0.0000,0.0000,0.0000,1788739535.817
1.062,1.2000,5.0000,0.0000,0.0000,0.0000,1788739535.837
1.082,1.2000,5.0000,0.0000,0.0000,0.0000,1788739535.857
1.102,1.2000,5.0000,0.0000,0.0000,0.0000,1788739535.877
1.122,1.2000,5.0000,0.0000,0.0000,0.0000,1788739535.897
1.142,1.2000,5.0000,0.0000,0.0000,0.0000,1788739535.917
1.162,1.2000,5.0000,0.0000,0.0000,0.0000,1788739535.937
1.182,1.2000,5.0000,0.0000,0.0000,0.0000,1788739535.957
1.202,1.2000,5.0000,0.0000,0.0000,0.0000,1788739535.977
1.222,1.2000,5.0000,0.0000,0.0000,0.0000,1788739535.997
1.242,1.2000,5.0000,0.0000,0.0000,0.0000,1788739536.017
1.262,1.2000,5.0000,0.0000,0.0000,0.0000,1788739536.037
1.282,1.2000,5.0000,0.0000,0.0000,0.0000,1788739536.057
1.302,1.2000,5.0000,0.0000,0.0000,0.0000,1788739536.077
1.322,1.2000,5.0000,0.0000,0.0000,0.0000,1788739536.097
1.342,1.2000,5.0000,0.0000,0.0000,0.0000,1788739536.117
1.362,1.2000,5.0000,0.0000,0.0000,0.0000,1788739536.137
1.383,1.2000,5.0000,0.0000,0.0000,0.0000,1788739536.157
1.402,1.2000,5.0000,0.0000,0.0000,0.0000,1788739536.177
1.422,1.2000,5.0000,0.0000,0.0000,0.0000,1788739536.197
1.442,1.2000,5.0000,0.0000,0.0000,0.0000,1788739536.217
1.462,1.2000,5.0000,0.0000,0.0000,0.0000,1788739536.237
1.482,1.2000,5.0000,0.0000,0.0000,0.0000,1788739536.257
1.502,1.2000,5.0000,0.0000,0.0000,0.0000,1788739536.277
1.522,1.2000,5.0000,0.0000,0.0000,0.0000,1788739536.297
1.542,1.2000,5.0000,0.0000,0.0000,0.0000,1788739536.317
1.562,1.2000,5.0000,0.0000,0.0000,0.0000,1788739536.337
1.582,1.2000,5.0000,0.0000,0.0000,0.0000,1788739536.357
1.602,1.2000,5.0000,0.0000,0.0000,0.0000,1788739536.377
1.622,1.2000,5.0000,0.0000,0.0000,0.0000,1788739536.397
1.642,1.2000,5.0000,0.0000,0.0000,0.0000,1788739536.417
1.662,1.2000,5.0000,0.0000,0.0000,0.0000,1788739536.437
1.682,1.2000,5.0000,0.0000,0.0000,0.0000,1788739536.457
1.702,1.2000,5.0000,0.0000,0.0000,0.0000,1788739536.477
1.722,1.2000,5.0000,0.0000,0.0000,0.0000,1788739536.497
1.742,1.2000,5.0000,0.0000,0.0000,0.0000,1788739536.517
1.762,1.2000,5.0000,0.0000,0.0000,0.0000,1788739536.537
1.782,1.2000,5.0000,0.0000,0.0000,0.0000,1788739536.557
1.802,1.2000,5.0000,0.0000,0.0000,0.0000,1788739536.577
1.822,1.2000,5.0000,0.0000,0.0000,0.0000,1788739536.597
1.843,1.2000,5.0000,0.0000,0.0000,0.0000,1788739536.617
1.862,1.2000,5.0000,0.0000,0.0000,0.0000,1788739536.637
1.882,1.2000,5.0000,0.0000,0.0000,0.0000,1788739536.657
1.902,1.2000,5.0000,0.0000,0.0000,0.0000,1788739536.677
1.922,1.2000,5.0000,0.0000,0.0000,0.0000,1788739536.697
1.942,1.2000,5.0000,0.0000,0.0000,0.0000,1788739536.717
1.962,1.2000,5.0000,0.0000,0.0000,0.0000,1788739536.737
1.982,1.2000,5.0000,0.0000,0.0000,0.0000,1788739536.757
2.002,1.2000,5.0000,0.0000,0.0000,0.0000,1788739536.777
2.022,1.2000,5.0000,0.0000,0.0000,0.0000,1788739536.797
2.042,1.2000,5.0000,0.0000,0.0000,0.0000,1788739536.817
2.063,1.2000,5.0000,0.0000,0.0000,0.0000,1788739536.837
2.082,1.2000,5.0000,0.0000,0.0000,0.0000,1788739536.857
2.102,1.2000,5.0000,0.0000,0.0000,0.0000,1788739536.877
2.122,1.2000,5.0000,0.0000,0.0000,0.0000,1788739536.897
2.142,1.2000,5.0000,0.0000,0.0000,0.0000,1788739536.917
2.162,1.2000,5.0000,0.0000,0.0000,0.0000,1788739536.937
2.182,1.2000,5.0000,0.0000,0.0000,0.0000,1788739536.957
2.202,1.2000,5.0000,0.0000,0.0000,0.0000,1788739536.977
2.222,1.2000,5.0000,0.0000,0.0000,0.0000,1788739536.997
2.242,1.2000,5.0000,0.0000,0.0000,0.0000,1788739537.017
2.262,1.2000,5.0000,0.0000,0.0000,0.0000,1788739537.037
2.282,1.2000,5.0000,0.0000,0.0000,0.0000,1788739537.057
2.302,1.2000,5.0000,0.0000,0.0000,0.0000,1788739537.077
2.322,1.2000,5.0000,0.0000,0.0000,0.0000,1788739537.097
2.342,1.2000,5.0000,0.0000,0.0000,0.0000,1788739537.117
2.362,1.2000,5.0000,0.0000,0.0000,0.0000,1788739537.137
2.382,1.2000,5.0000,0.0000,0.0000,0.0000,1788739537.157
2.402,1.2000,5.0000,0.0000,0.0000,0.0000,1788739537.177
2.422,1.2000,5.0000,0.0000,0.0000,0.0000,1788739537.197
2.442,1.2000,5.0000,0.0000,0.0000,0.0000,1788739537.217
2.462,1.2000,5.0000,0.0000,0.0000,0.0000,1788739537.237
2.482,1.2000,5.0000,0.0000,0.0000,0.0000,1788739537.257
2.502,1.2000,5.0000,0.0000,0.0000,0.0000,1788739537.277
2.522,1.2000,5.0000,0.0000,0.0000,0.0000,1788739537.297
2.542,1.2000,5.0000,0.0000,0.0000,0.0000,1788739537.317
2.562,1.2000,5.0000,0.0000,0.0000,0.0000,1788739537.337
2.582,1.2000,5.0000,0.0000,0.0000,0.0000,1788739537.357
2.602,1.2000,5.0000,0.0000,0.0000,0.0000,1788739537.377
2.622,1.2000,5.0000,0.0000,0.0000,0.0000,1788739537.397
2.642,1.2000,5.0000,0.0000,0.0000,0.0000,1788739537.417
2.662,1.2000,5.0000,0.0000,0.0000,0.0000,1788739537.437
2.682,1.2000,5.0000,0.0000,0.0000,0.0000,1788739537.457
2.702,1.2000,5.0000,0.0000,0.0000,0.0000,1788739537.477
2.722,1.2000,5.0000,0.0000,0.0000,0.0000,1788739537.497
2.742,1.2000,5.0000,0.0000,0.0000,0.0000,1788739537.517
2.763,1.2000,5.0000,0.0000,0.0000,0.0000,1788739537.537
2.782,1.2000,5.0000,0.0000,0.0000,0.0000,1788739537.557
2.802,1.2000,5.0000,0.0000,0.0000,0.0000,1788739537.577
2.822,1.2000,5.0000,0.0000,0.0000,0.0000,1788739537.597
2.842,1.2000,5.0000,0.0000,0.0000,0.0000,1788739537.617
2.862,1.2000,5.0000,0.0000,0.0000,0.0000,1788739537.637
2.882,1.2000,5.0000,0.0000,0.0000,0.0000,1788739537.657
2.902,1.2000,5.0000,0.0000,0.0000,0.0000,1788739537.677
2.922,1.2000,5.0000,0.0000,0.0000,0.0000,1788739537.697
2.942,1.2000,5.0000,0.0000,0.0000,0.0000,1788739537.717
2.962,1.2000,5.0000,0.0000,0.0000,0.0000,1788739537.737
2.982,1.2000,5.0000,0.0000,0.0000,0.0000,1788739537.757
3.002,1.2000,5.0000,0.0000,0.0000,0.0000,1788739537.777
3.022,1.2000,5.0000,0.0000,0.0000,0.0000,1788739537.797
3.043,1.2000,5.0000,0.0000,0.0000,0.0000,1788739537.817
3.062,1.2000,5.0000,0.0000,0.0000,0.0000,1788739537.837
3.082,1.2000,5.0000,0.0000,0.0000,0.0000,1788739537.857
3.102,1.2000,5.0000,0.0000,0.0000,0.0000,1788739537.877
3.122,1.2000,5.0000,0.0000,0.0000,0.0000,1788739537.897
3.142,1.2000,5.0000,0.0000,0.0000,0.0000,1788739537.917
3.162,1.2000,5.0000,0.0000,0.0000,0.0000,1788739537.937
3.182,1.2000,5.0000,0.0000,0.0000,0.0000,1788739537.957
3.202,1.2000,5.0000,0.0000,0.0000,0.0000,1788739537.977
3.222,1.2000,5.0000,0.0000,0.0000,0.0000,1788739537.997
3.242,1.2000,5.0000,0.0000,0.0000,0.0000,1788739538.017
3.262,1.2000,5.0000,0.0000,0.0000,0.0000,1788739538.037
3.282,1.2000,5.0000,0.0000,0.0000,0.0000,1788739538.057
3.302,1.2000,5.0000,0.0000,0.0000,0.0000,1788739538.077
3.322,1.2000,5.0000,0.0000,0.0000,0.0000,1788739538.097
3.343,1.2000,5.0000,0.0000,0.0000,0.0000,1788739538.117
3.363,1.2000,5.0000,0.0000,0.0000,0.0000,1788739538.137
3.382,1.2000,5.0000,0.0000,0.0000,0.0000,1788739538.157
3.402,1.2000,5.0000,0.0000,0.0000,0.0000,1788739538.177
3.422,1.2000,5.0000,0.0000,0.0000,0.0000,1788739538.197
3.442,1.2000,5.0000,0.0000,0.0000,0.0000,1788739538.217
3.462,1.2000,5.0000,0.0000,0.0000,0.0000,1788739538.237
3.482,1.2000,5.0000,0.0000,0.0000,0.0000,1788739538.257
3.502,1.2000,5.0000,0.0000,0.0000,0.0000,1788739538.277
3.522,1.2000,5.0000,0.0000,0.0000,0.0000,1788739538.297
3.542,1.2000,5.0000,0.0000,0.0000,0.0000,1788739538.317
3.562,1.2000,5.0000,0.0000,0.0000,0.0000,1788739538.337
3.582,1.2000,5.0000,0.0000,0.0000,0.0000,1788739538.357
3.603,1.2000,5.0000,0.0000,0.0000,0.0000,1788739538.377
3.622,1.2000,5.0000,0.0000,0.0000,0.0000,1788739538.397
3.642,1.2000,5.0000,0.0000,0.0000,0.0000,1788739538.417
3.662,1.2000,5.0000,0.0000,0.0000,0.0000,1788739538.437
3.682,1.2000,5.0000,0.0000,0.0000,0.0000,1788739538.457
3.702,1.2000,5.0000,0.0000,0.0000,0.0000,1788739538.477
3.722,1.2000,5.0000,0.0000,0.0000,0.0000,1788739538.497
3.742,1.2000,5.0000,0.0000,0.0000,0.0000,1788739538.517
3.762,1.2000,5.0000,0.0000,0.0000,0.0000,1788739538.537
3.782,1.2000,5.0000,0.0000,0.0000,0.0000,1788739538.557
3.802,1.2000,5.0000,0.0000,0.0000,0.0000,1788739538.577
3.822,1.2000,5.0000,0.0000,0.0000,0.0000,1788739538.597
3.843,1.2000,5.0000,0.0000,0.0000,0.0000,1788739538.617
3.863,1.2000,5.0000,0.0000,0.0000,0.0000,1788739538.637
3.882,1.2000,5.0000,0.0000,0.0000,0.0000,1788739538.657
3.902,1.2000,5.0000,0.0000,0.0000,0.0000,1788739538.677
3.922,1.2000,5.0000,0.0000,0.0000,0.0000,1788739538.697
3.942,1.2000,5.0000,0.0000,0.0000,0.0000,1788739538.717
3.962,1.2000,5.0000,0.0000,0.0000,0.0000,1788739538.737
3.982,1.2000,5.0000,0.0000,0.0000,0.0000,1788739538.757
4.002,1.2000,5.0000,0.0000,0.0000,0.0000,1788739538.777
4.022,1.2000,5.0000,0.0000,0.0000,0.0000,1788739538.797
4.043,1.2000,5.0000,0.0000,0.0000,0.0000,1788739538.817
4.062,1.2000,5.0000,0.0000,0.0000,0.0000,1788739538.837
4.082,1.2000,5.0000,0.0000,0.0000,0.0000,1788739538.857
4.102,1.2000,5.0000,0.0000,0.0000,0.0000,1788739538.877
4.122,1.2000,5.0000,0.0000,0.0000,0.0000,1788739538.897
4.142,1.2000,5.0000,0.0000,0.0000,0.0000,1788739538.917
4.162,1.2000,5.0000,0.0000,0.0000,0.0000,1788739538.937
4.182,1.2000,5.0000,0.0000,0.0000,0.0000,1788739538.957
4.202,1.2000,5.0000,0.0000,0.0000,0.0000,1788739538.977
4.222,1.2000,5.0000,0.0000,0.0000,0.0000,1788739538.997
4.242,1.2000,5.0000,0.0000,0.0000,0.0000,1788739539.017
4.262,1.2000,5.0000,0.0000,0.0000,0.0000,1788739539.037
4.282,1.2000,5.0000,0.0000,0.0000,0.0000,1788739539.057
4.302,1.2000,5.0000,0.0000,0.0000,0.0000,1788739539.077
4.323,1.2000,5.0000,0.0000,0.0000,0.0000,1788739539.097
4.342,1.2000,5.0000,0.0000,0.0000,0.0000,1788739539.117
4.362,1.2000,5.0000,0.0000,0.0000,0.0000,1788739539.137
4.382,1.2000,5.0000,0.0000,0.0000,0.0000,1788739539.157
4.402,1.2000,5.0000,0.0000,0.0000,0.0000,1788739539.177
4.422,1.2000,5.0000,0.0000,0.0000,0.0000,1788739539.197
4.442,1.2000,5.0000,0.0000,0.0000,0.0000,1788739539.217
4.462,1.2000,5.0000,0.0000,0.0000,0.0000,1788739539.237
4.482,1.2000,5.0000,0.0000,0.0000,0.0000,1788739539.257
4.502,1.2000,5.0000,0.0000,0.0000,0.0000,1788739539.277
4.522,1.2000,5.0000,0.0000,0.0000,0.0000,1788739539.297
4.542,1.2000,5.0000,0.0000,0.0000,0.0000,1788739539.317
4.562,1.2000,5.0000,0.0000,0.0000,0.0000,1788739539.337
4.582,1.2000,5.0000,0.0000,0.0000,0.0000,1788739539.357
4.602,1.2000,5.0000,0.0000,0.0000,0.0000,1788739539.377
4.622,1.2000,5.0000,0.0000,0.0000,0.0000,1788739539.397
4.642,1.2000,5.0000,0.0000,0.0000,0.0000,1788739539.417
4.662,1.2000,5.0000,0.0000,0.0000,0.0000,1788739539.437
4.682,1.2000,5.0000,0.0000,0.0000,0.0000,1788739539.457
4.702,1.2000,5.0000,0.0000,0.0000,0.0000,1788739539.477
4.722,1.2000,5.0000,0.0000,0.0000,0.0000,1788739539.497
4.742,1.2000,5.0000,0.0000,0.0000,0.0000,1788739539.517
4.762,1.2000,5.0000,0.0000,0.0000,0.0000,1788739539.537
4.782,1.2000,5.0000,0.0000,0.0000,0.0000,1788739539.557
4.802,1.2000,5.0000,0.0000,0.0000,0.0000,1788739539.577
4.822,1.2000,5.0000,0.0000,0.0000,0.0000,1788739539.597
4.842,1.2000,5.0000,0.0000,0.0000,0.0000,1788739539.617
4.862,1.2000,5.0000,0.0000,0.0000,0.0000,1788739539.637
4.882,1.2000,5.0000,0.0000,0.0000,0.0000,1788739539.657
4.902,1.2000,5.0000,0.0000,0.0000,0.0000,1788739539.677
4.922,1.2000,5.0000,0.0000,0.0000,0.0000,1788739539.697
4.942,1.2000,5.0000,0.0000,0.0000,0.0000,1788739539.717
4.962,1.2000,5.0000,0.0000,0.0000,0.0000,1788739539.737
4.982,1.2000,5.0000,0.0000,0.0000,0.0000,1788739539.757
5.002,1.2000,5.0000,0.0000,0.0000,0.0000,1788739539.777
5.022,1.2000,5.0000,0.0000,0.0000,0.0000,1788739539.797
5.042,1.2000,5.0000,0.0000,0.0000,0.0000,1788739539.817
5.062,1.2000,5.0000,0.0000,0.0000,0.0000,1788739539.837
5.082,1.2000,5.0000,0.0000,0.0000,0.0000,1788739539.857
5.102,1.2000,5.0000,0.0000,0.0000,0.0000,1788739539.877
5.122,1.2000,5.0000,0.0000,0.0000,0.0000,1788739539.897
5.142,1.2000,5.0000,0.0000,0.0000,0.0000,1788739539.917
5.162,1.2000,5.0000,0.0000,0.0000,0.0000,1788739539.937
5.182,1.2000,5.0000,0.0000,0.0000,0.0000,1788739539.957
5.202,1.2000,5.0000,0.0000,0.0000,0.0000,1788739539.977
5.222,1.2000,5.0000,0.0000,0.0000,0.0000,1788739539.997
5.242,1.2000,5.0000,0.0000,0.0000,0.0000,1788739540.017
5.262,1.2000,5.0000,0.0000,0.0000,0.0000,1788739540.037
5.282,1.2000,5.0000,0.0000,0.0000,0.0000,1788739540.057
5.302,1.2000,5.0000,0.0000,0.0000,0.0000,1788739540.077
5.322,1.2000,5.0000,0.0000,0.0000,0.0000,1788739540.097
5.342,1.2000,5.0000,0.0000,0.0000,0.0000,1788739540.117
5.362,1.2000,5.0000,0.0000,0.0000,0.0000,1788739540.137
5.382,1.2000,5.0000,0.0000,0.0000,0.0000,1788739540.157
5.402,1.2000,5.0000,0.0000,0.0000,0.0000,1788739540.177
5.422,1.2000,5.0000,0.0000,0.0000,0.0000,1788739540.197
5.442,1.2000,5.0000,0.0000,0.0000,0.0000,1788739540.217
5.462,1.2000,5.0000,0.0000,0.0000,0.0000,1788739540.237
5.482,1.2000,5.0000,0.0000,0.0000,0.0000,1788739540.257
5.502,1.2000,5.0000,0.0000,0.0000,0.0000,1788739540.277
5.522,1.2000,5.0000,0.0000,0.0000,0.0000,1788739540.297
5.542,1.2000,5.0000,0.0000,0.0000,0.0000,1788739540.317
5.562,1.2000,5.0000,0.0000,0.0000,0.0000,1788739540.337
5.582,1.2000,5.0000,0.0000,0.0000,0.0000,1788739540.357
5.602,1.2000,5.0000,0.0000,0.0000,0.0000,1788739540.377
5.622,1.2000,5.0000,0.0000,0.0000,0.0000,1788739540.397
5.642,1.2000,5.0000,0.0000,0.0000,0.0000,1788739540.417
5.662,1.2000,5.0000,0.0000,0.0000,0.0000,1788739540.437
5.682,1.2000,5.0000,0.0000,0.0000,0.0000,1788739540.457
5.702,1.2000,5.0000,0.0000,0.0000,0.0000,1788739540.477
5.722,1.2000,5.0000,0.0000,0.0000,0.0000,1788739540.497
5.742,1.2000,5.0000,0.0000,0.0000,0.0000,1788739540.517
5.763,1.2000,5.0000,0.0000,0.0000,0.0000,1788739540.537
5.782,1.2000,5.0000,0.0000,0.0000,0.0000,1788739540.557
5.802,1.2000,5.0000,0.0000,0.0000,0.0000,1788739540.577
5.822,1.2000,5.0000,0.0000,0.0000,0.0000,1788739540.597
5.843,1.2000,5.0000,0.0000,0.0000,0.0000,1788739540.617
5.862,1.2000,5.0000,0.0000,0.0000,0.0000,1788739540.637
5.882,1.2000,5.0000,0.0000,0.0000,0.0000,1788739540.657
5.903,1.2000,5.0000,0.0000,0.0000,0.0000,1788739540.677
5.922,1.2000,5.0000,0.0000,0.0000,0.0000,1788739540.697
5.942,1.2000,5.0000,0.0000,0.0000,0.0000,1788739540.717
5.962,1.2000,5.0000,0.0000,0.0000,0.0000,1788739540.737
5.982,1.2000,5.0000,0.0000,0.0000,0.0000,1788739540.757
6.002,1.2000,5.0000,0.0000,0.0000,0.0000,1788739540.777
6.022,1.2000,5.0000,0.0000,0.0000,0.0000,1788739540.797
6.042,1.2000,5.0000,0.0000,0.0000,0.0000,1788739540.817
6.062,1.2000,5.0000,0.0000,0.0000,0.0000,1788739540.837
6.082,1.2000,5.0000,0.0000,0.0000,0.0000,1788739540.857
6.102,1.2000,5.0000,0.0000,0.0000,0.0000,1788739540.877
6.122,1.2000,5.0000,0.0000,0.0000,0.0000,1788739540.897
6.142,1.2000,5.0000,0.0000,0.0000,0.0000,1788739540.917
6.162,1.2000,5.0000,0.0000,0.0000,0.0000,1788739540.937
6.182,1.2000,5.0000,0.0000,0.0000,0.0000,1788739540.957
6.202,1.2000,5.0000,0.0000,0.0000,0.0000,1788739540.977
6.222,1.2000,5.0000,0.0000,0.0000,0.0000,1788739540.997
6.242,1.2000,5.0000,0.0000,0.0000,0.0000,1788739541.017
6.263,1.2000,5.0000,0.0000,0.0000,0.0000,1788739541.037
6.282,1.2000,5.0000,0.0000,0.0000,0.0000,1788739541.057
6.303,1.2000,5.0000,0.0000,0.0000,0.0000,1788739541.077
6.323,1.2000,5.0000,0.0000,0.0000,0.0000,1788739541.097
6.342,1.2000,5.0000,0.0000,0.0000,0.0000,1788739541.117
6.362,1.2000,5.0000,0.0000,0.0000,0.0000,1788739541.137
6.382,1.2000,5.0000,0.0000,0.0000,0.0000,1788739541.157
6.402,1.2000,5.0000,0.0000,0.0000,0.0000,1788739541.177
6.422,1.2000,5.0000,0.0000,0.0000,0.0000,1788739541.197
6.442,1.2000,5.0000,0.0000,0.0000,0.0000,1788739541.217
6.462,1.2000,5.0000,0.0000,0.0000,0.0000,1788739541.237
6.482,1.2000,5.0000,0.0000,0.0000,0.0000,1788739541.257
6.502,1.2000,5.0000,0.0000,0.0000,0.0000,1788739541.277
6.522,1.2000,5.0000,0.0000,0.0000,0.0000,1788739541.297
6.542,1.2000,5.0000,0.0000,0.0000,0.0000,1788739541.317
6.562,1.2000,5.0000,0.0000,0.0000,0.0000,1788739541.337
6.582,1.2000,5.0000,0.0000,0.0000,0.0000,1788739541.357
6.602,1.2000,5.0000,0.0000,0.0000,0.0000,1788739541.377
6.622,1.2000,5.0000,0.0000,0.0000,0.0000,1788739541.397
6.642,1.2000,5.0000,0.0000,0.0000,0.0000,1788739541.417
6.662,1.2000,5.0000,0.0000,0.0000,0.0000,1788739541.437
6.682,1.2000,5.0000,0.0000,0.0000,0.0000,1788739541.457
6.702,1.2000,5.0000,0.0000,0.0000,0.0000,1788739541.477
6.722,1.2000,5.0000,0.0000,0.0000,0.0000,1788739541.497
6.742,1.2000,5.0000,0.0000,0.0000,0.0000,1788739541.517
6.763,1.2000,5.0000,0.0000,0.0000,0.0000,1788739541.537
6.782,1.2000,5.0000,0.0000,0.0000,0.0000,1788739541.557
6.802,1.2000,5.0000,0.0000,0.0000,0.0000,1788739541.577
6.822,1.2000,5.0000,0.0000,0.0000,0.0000,1788739541.597
6.843,1.2000,5.0000,0.0000,0.0000,0.0000,1788739541.617
6.863,1.2000,5.0000,0.0000,0.0000,0.0000,1788739541.637
6.882,1.2000,5.0000,0.0000,0.0000,0.0000,1788739541.657
6.902,1.2000,5.0000,0.0000,0.0000,0.0000,1788739541.677
6.922,1.2000,5.0000,0.0000,0.0000,0.0000,1788739541.697
6.942,1.2000,5.0000,0.0000,0.0000,0.0000,1788739541.717
6.962,1.2000,5.0000,0.0000,0.0000,0.0000,1788739541.737
6.982,1.2000,5.0000,0.0000,0.0000,0.0000,1788739541.757
7.002,1.2000,5.0000,0.0000,0.0000,0.0000,1788739541.777
7.022,1.2000,5.0000,0.0000,0.0000,0.0000,1788739541.797
7.042,1.2000,5.0000,0.0000,0.0000,0.0000,1788739541.817
7.062,1.2000,5.0000,0.0000,0.0000,0.0000,1788739541.837
7.082,1.2000,5.0000,0.0000,0.0000,0.0000,1788739541.857
7.102,1.2000,5.0000,0.0000,0.0000,0.0000,1788739541.877
7.122,1.2000,5.0000,0.0000,0.0000,0.0000,1788739541.897
7.142,1.2000,5.0000,0.0000,0.0000,0.0000,1788739541.917
7.162,1.2000,5.0000,0.0000,0.0000,0.0000,1788739541.937
7.182,1.2000,5.0000,0.0000,0.0000,0.0000,1788739541.957
7.202,1.2000,5.0000,0.0000,0.0000,0.0000,1788739541.977
7.222,1.2000,5.0000,0.0000,0.0000,0.0000,1788739541.997
7.242,1.2000,5.0000,0.0000,0.0000,0.0000,1788739542.017
7.262,1.2000,5.0000,0.0000,0.0000,0.0000,1788739542.037
7.282,1.2000,5.0000,0.0000,0.0000,0.0000,1788739542.057
7.302,1.2000,5.0000,0.0000,0.0000,0.0000,1788739542.077
7.322,1.2000,5.0000,0.0000,0.0000,0.0000,1788739542.097
7.342,1.2000,5.0000,0.0000,0.0000,0.0000,1788739542.117
7.362,1.2000,5.0000,0.0000,0.0000,0.0000,1788739542.137
7.382,1.2000,5.0000,0.0000,0.0000,0.0000,1788739542.157
7.402,1.2000,5.0000,0.0000,0.0000,0.0000,1788739542.177
7.422,1.2000,5.0000,0.0000,0.0000,0.0000,1788739542.197
7.442,1.2000,5.0000,0.0000,0.0000,0.0000,1788739542.217
7.462,1.2000,5.0000,0.0000,0.0000,0.0000,1788739542.237
7.483,1.2000,5.0000,0.0000,0.0000,0.0000,1788739542.257
7.502,1.2000,5.0000,0.0000,0.0000,0.0000,1788739542.277
7.523,1.2000,5.0000,0.0000,0.0000,0.0000,1788739542.297
7.542,1.2000,5.0000,0.0000,0.0000,0.0000,1788739542.317
7.562,1.2000,5.0000,0.0000,0.0000,0.0000,1788739542.337
7.582,1.2000,5.0000,0.0000,0.0000,0.0000,1788739542.357
7.602,1.2000,5.0000,0.0000,0.0000,0.0000,1788739542.377
7.622,1.2000,5.0000,0.0000,0.0000,0.0000,1788739542.397
7.642,1.2000,5.0000,0.0000,0.0000,0.0000,1788739542.417
7.662,1.2000,5.0000,0.0000,0.0000,0.0000,1788739542.437
7.682,1.2000,5.0000,0.0000,0.0000,0.0000,1788739542.457
7.702,1.2000,5.0000,0.0000,0.0000,0.0000,1788739542.477
7.722,1.2000,5.0000,0.0000,0.0000,0.0000,1788739542.497
7.742,1.2000,5.0000,0.0000,0.0000,0.0000,1788739542.517
7.762,1.2000,5.0000,0.0000,0.0000,0.0000,1788739542.537
7.782,1.2000,5.0000,0.0000,0.0000,0.0000,1788739542.557
7.802,1.2000,5.0000,0.0000,0.0000,0.0000,1788739542.577
7.822,1.2000,5.0000,0.0000,0.0000,0.0000,1788739542.597
7.842,1.2000,5.0000,0.0000,0.0000,0.0000,1788739542.617
7.864,1.2000,5.0000,0.0000,0.0000,0.0000,1788739542.638
7.882,1.2000,5.0000,0.0000,0.0000,0.0000,1788739542.657
7.902,1.2000,5.0000,0.0000,0.0000,0.0000,1788739542.677
7.922,1.2000,5.0000,0.0000,0.0000,0.0000,1788739542.697
7.942,1.2000,5.0000,0.0000,0.0000,0.0000,1788739542.717
7.962,1.2000,5.0000,0.0000,0.0000,0.0000,1788739542.737
7.982,1.2000,5.0000,0.0000,0.0000,0.0000,1788739542.757
8.002,1.2000,5.0000,0.0000,0.0000,0.0000,1788739542.777
8.022,1.2000,5.0000,0.0000,0.0000,0.0000,1788739542.797
8.042,1.2000,5.0000,0.0000,0.0000,0.0000,1788739542.817
8.062,1.2000,5.0000,0.0000,0.0000,0.0000,1788739542.837
8.082,1.2000,5.0000,0.0000,0.0000,0.0000,1788739542.857
8.102,1.2000,5.0000,0.0000,0.0000,0.0000,1788739542.877
8.122,1.2000,5.0000,0.0000,0.0000,0.0000,1788739542.897
8.142,1.2000,5.0000,0.0000,0.0000,0.0000,1788739542.917
8.162,1.2000,5.0000,0.0000,0.0000,0.0000,1788739542.937
8.182,1.2000,5.0000,0.0000,0.0000,0.0000,1788739542.957
8.202,1.2000,5.0000,0.0000,0.0000,0.0000,1788739542.977
8.222,1.2000,5.0000,0.0000,0.0000,0.0000,1788739542.997
8.242,1.2000,5.0000,0.0000,0.0000,0.0000,1788739543.017
8.262,1.2000,5.0000,0.0000,0.0000,0.0000,1788739543.037
8.282,1.2000,5.0000,0.0000,0.0000,0.0000,1788739543.057
8.302,1.2000,5.0000,0.0000,0.0000,0.0000,1788739543.077
8.322,1.2000,5.0000,0.0000,0.0000,0.0000,1788739543.097
8.342,1.2003,5.0000,0.0013,0.0173,0.0635,1788739543.117
8.362,1.2007,5.0000,0.0025,0.0173,0.0635,1788739543.137
8.382,1.2010,5.0000,0.0038,0.0173,0.0635,1788739543.157
8.402,1.2014,5.0000,0.0051,0.0173,0.0635,1788739543.177
8.422,1.2017,5.0000,0.0064,0.0173,0.0635,1788739543.197
8.442,1.2025,5.0000,0.0059,0.0410,-0.0219,1788739543.217
8.462,1.2034,5.0000,0.0055,0.0410,-0.0219,1788739543.237
8.482,1.2042,5.0000,0.0050,0.0410,-0.0219,1788739543.257
8.502,1.2050,5.0000,0.0046,0.0410,-0.0219,1788739543.277
8.522,1.2058,5.0000,0.0042,0.0410,-0.0219,1788739543.297
8.542,1.2070,5.0000,0.0039,0.0593,-0.0147,1788739543.317
8.562,1.2082,5.0000,0.0036,0.0593,-0.0147,1788739543.337
8.582,1.2094,5.0000,0.0033,0.0593,-0.0147,1788739543.357
8.602,1.2106,5.0000,0.0030,0.0593,-0.0147,1788739543.377
8.622,1.2118,5.0000,0.0027,0.0593,-0.0147,1788739543.397
8.642,1.2134,5.0001,0.0025,0.0807,-0.0109,1788739543.417
8.662,1.2150,5.0001,0.0023,0.0807,-0.0109,1788739543.437
8.682,1.2166,5.0001,0.0020,0.0807,-0.0109,1788739543.457
8.702,1.2182,5.0001,0.0018,0.0807,-0.0109,1788739543.477
8.722,1.2198,5.0001,0.0016,0.0807,-0.0109,1788739543.497
8.742,1.2218,5.0001,0.0011,0.1010,-0.0235,1788739543.517
8.762,1.2239,5.0001,0.0007,0.1010,-0.0235,1788739543.537
8.782,1.2259,5.0001,0.0002,0.1010,-0.0235,1788739543.557
8.802,1.2279,5.0001,-0.0003,0.1010,-0.0235,1788739543.577
8.822,1.2299,5.0001,-0.0008,0.1010,-0.0235,1788739543.597
8.842,1.2324,5.0001,-0.0009,0.1226,-0.0061,1788739543.617
8.862,1.2348,5.0001,-0.0010,0.1226,-0.0061,1788739543.637
8.882,1.2373,5.0001,-0.0011,0.1226,-0.0061,1788739543.657
8.902,1.2397,5.0001,-0.0012,0.1226,-0.0061,1788739543.677
8.922,1.2422,5.0001,-0.0014,0.1226,-0.0061,1788739543.697
8.942,1.2450,5.0000,-0.0017,0.1405,-0.0170,1788739543.717
8.962,1.2478,5.0000,-0.0020,0.1405,-0.0170,1788739543.737
8.982,1.2506,5.0000,-0.0024,0.1405,-0.0170,1788739543.757
9.002,1.2534,5.0000,-0.0027,0.1405,-0.0170,1788739543.777
9.022,1.2562,5.0000,-0.0031,0.1405,-0.0170,1788739543.797
9.042,1.2595,5.0000,-0.0035,0.1628,-0.0231,1788739543.817
9.062,1.2627,5.0000,-0.0040,0.1628,-0.0231,1788739543.837
9.082,1.2660,5.0000,-0.0044,0.1628,-0.0231,1788739543.857
9.102,1.2693,5.0000,-0.0049,0.1628,-0.0231,1788739543.877
9.122,1.2725,4.9999,-0.0054,0.1628,-0.0231,1788739543.897
9.142,1.2761,4.9999,-0.0052,0.1809,0.0097,1788739543.917
9.162,1.2798,4.9999,-0.0050,0.1809,0.0097,1788739543.937
9.182,1.2834,4.9999,-0.0048,0.1809,0.0097,1788739543.957
9.202,1.2870,4.9999,-0.0046,0.1809,0.0097,1788739543.977
9.223,1.2906,4.9999,-0.0044,0.1809,0.0097,1788739543.997
9.242,1.2946,4.9998,-0.0037,0.1990,0.0359,1788739544.017
9.262,1.2986,4.9998,-0.0030,0.1990,0.0359,1788739544.037
9.282,1.3025,4.9998,-0.0023,0.1990,0.0359,1788739544.057
9.303,1.3065,4.9998,-0.0015,0.1990,0.0359,1788739544.077
9.322,1.3105,4.9998,-0.0008,0.1990,0.0359,1788739544.097
9.342,1.3149,4.9998,-0.0002,0.2174,0.0289,1788739544.117
9.362,1.3192,4.9998,0.0003,0.2174,0.0289,1788739544.137
9.382,1.3235,4.9998,0.0009,0.2174,0.0289,1788739544.157
9.402,1.3279,4.9998,0.0015,0.2174,0.0289,1788739544.177
9.422,1.3322,4.9998,0.0021,0.2174,0.0289,1788739544.197
9.442,1.3369,4.9998,0.0029,0.2315,0.0401,1788739544.217
9.462,1.3415,4.9999,0.0037,0.2315,0.0401,1788739544.237
9.482,1.3461,4.9999,0.0045,0.2315,0.0401,1788739544.257
9.502,1.3508,4.9999,0.0053,0.2315,0.0401,1788739544.277
9.522,1.3554,4.9999,0.0061,0.2315,0.0401,1788739544.297
9.542,1.3604,5.0000,0.0068,0.2493,0.0364,1788739544.317
9.562,1.3654,5.0000,0.0075,0.2493,0.0364,1788739544.337
9.582,1.3704,5.0000,0.0083,0.2493,0.0364,1788739544.357
9.602,1.3753,5.0001,0.0090,0.2493,0.0364,1788739544.377
9.622,1.3803,5.0001,0.0097,0.2493,0.0364,1788739544.397
9.642,1.3856,5.0002,0.0105,0.2619,0.0390,1788739544.417
9.662,1.3908,5.0003,0.0113,0.2619,0.0390,1788739544.437
9.682,1.3960,5.0003,0.0121,0.2619,0.0390,1788739544.457
9.702,1.4013,5.0004,0.0128,0.2619,0.0390,1788739544.477
9.722,1.4065,5.0005,0.0136,0.2619,0.0390,1788739544.497
9.742,1.4121,5.0005,0.0140,0.2771,0.0208,1788739544.517
9.762,1.4176,5.0006,0.0144,0.2771,0.0208,1788739544.537
9.782,1.4231,5.0007,0.0149,0.2771,0.0208,1788739544.557
9.802,1.4287,5.0008,0.0153,0.2771,0.0208,1788739544.577
9.822,1.4342,5.0009,0.0157,0.2771,0.0208,1788739544.597
9.842,1.4401,5.0010,0.0154,0.2944,-0.0135,1788739544.617
9.862,1.4460,5.0011,0.0152,0.2944,-0.0135,1788739544.637
9.882,1.4519,5.0011,0.0149,0.2944,-0.0135,1788739544.657
9.902,1.4578,5.0012,0.0146,0.2944,-0.0135,1788739544.677
9.922,1.4637,5.0013,0.0143,0.2944,-0.0135,1788739544.697
9.942,1.4699,5.0014,0.0138,0.3123,-0.0277,1788739544.717
9.962,1.4761,5.0015,0.0132,0.3123,-0.0277,1788739544.737
9.982,1.4824,5.0016,0.0127,0.3123,-0.0277,1788739544.757
10.002,1.4886,5.0016,0.0121,0.3123,-0.0277,1788739544.777
10.022,1.4949,5.0017,0.0116,0.3123,-0.0277,1788739544.797
10.042,1.5015,5.0018,0.0103,0.3306,-0.0627,1788739544.817
10.062,1.5081,5.0018,0.0091,0.3306,-0.0627,1788739544.837
10.082,1.5147,5.0019,0.0078,0.3306,-0.0627,1788739544.857
10.102,1.5213,5.0019,0.0066,0.3306,-0.0627,1788739544.877
10.122,1.5279,5.0020,0.0053,0.3306,-0.0627,1788739544.897
10.142,1.5349,5.0020,0.0036,0.3465,-0.0866,1788739544.917
10.162,1.5418,5.0020,0.0018,0.3465,-0.0866,1788739544.937
10.182,1.5487,5.0020,0.0001,0.3465,-0.0866,1788739544.957
10.202,1.5557,5.0020,-0.0016,0.3465,-0.0866,1788739544.977
10.222,1.5626,5.0020,-0.0033,0.3465,-0.0866,1788739544.997
10.242,1.5699,5.0019,-0.0054,0.3642,-0.1023,1788739545.017
10.262,1.5772,5.0019,-0.0074,0.3642,-0.1023,1788739545.037
10.282,1.5844,5.0018,-0.0095,0.3642,-0.1023,1788739545.057
10.302,1.5917,5.0017,-0.0115,0.3642,-0.1023,1788739545.077
10.322,1.5990,5.0016,-0.0136,0.3642,-0.1023,1788739545.097
10.342,1.6066,5.0015,-0.0158,0.3788,-0.1132,1788739545.117
10.362,1.6142,5.0014,-0.0181,0.3788,-0.1132,1788739545.137
10.382,1.6217,5.0012,-0.0204,0.3788,-0.1132,1788739545.157
10.402,1.6293,5.0010,-0.0226,0.3788,-0.1132,1788739545.177
10.422,1.6369,5.0009,-0.0249,0.3788,-0.1132,1788739545.197
10.442,1.6446,5.0006,-0.0270,0.3868,-0.1061,1788739545.217
10.462,1.6523,5.0004,-0.0291,0.3868,-0.1061,1788739545.237
10.482,1.6601,5.0002,-0.0313,0.3868,-0.1061,1788739545.257
10.502,1.6678,4.9999,-0.0334,0.3868,-0.1061,1788739545.277
10.522,1.6755,4.9996,-0.0355,0.3868,-0.1061,1788739545.297
10.542,1.6834,4.9994,-0.0364,0.3930,-0.0459,1788739545.317
10.562,1.6912,4.9991,-0.0373,0.3930,-0.0459,1788739545.337
10.582,1.6991,4.9988,-0.0383,0.3930,-0.0459,1788739545.357
10.602,1.7070,4.9985,-0.0392,0.3930,-0.0459,1788739545.377
10.622,1.7148,4.9981,-0.0401,0.3930,-0.0459,1788739545.397
10.642,1.7227,4.9978,-0.0405,0.3934,-0.0207,1788739545.417
10.662,1.7305,4.9975,-0.0409,0.3934,-0.0207,1788739545.437
10.682,1.7384,4.9972,-0.0413,0.3934,-0.0207,1788739545.457
10.703,1.7463,4.9968,-0.0418,0.3934,-0.0207,1788739545.477
10.722,1.7541,4.9965,-0.0422,0.3934,-0.0207,1788739545.497
10.742,1.7618,4.9962,-0.0422,0.3857,-0.0015,1788739545.517
10.763,1.7695,4.9959,-0.0422,0.3857,-0.0015,1788739545.537
10.782,1.7772,4.9955,-0.0423,0.3857,-0.0015,1788739545.557
10.802,1.7849,4.9952,-0.0423,0.3857,-0.0015,1788739545.577
10.822,1.7927,4.9949,-0.0423,0.3857,-0.0015,1788739545.597
10.842,1.8004,4.9946,-0.0425,0.3902,-0.0068,1788739545.617
10.862,1.8082,4.9942,-0.0426,0.3902,-0.0068,1788739545.637
10.882,1.8160,4.9939,-0.0427,0.3902,-0.0068,1788739545.657
10.902,1.8238,4.9936,-0.0429,0.3902,-0.0068,1788739545.677
10.922,1.8316,4.9932,-0.0430,0.3902,-0.0068,1788739545.697
10.942,1.8393,4.9929,-0.0424,0.3830,0.0323,1788739545.717
10.962,1.8469,4.9926,-0.0417,0.3830,0.0323,1788739545.737
10.982,1.8546,4.9923,-0.0411,0.3830,0.0323,1788739545.757
11.002,1.8622,4.9920,-0.0404,0.3830,0.0323,1788739545.777
11.022,1.8699,4.9916,-0.0398,0.3830,0.0323,1788739545.797
11.042,1.8777,4.9913,-0.0385,0.3911,0.0625,1788739545.817
11.062,1.8855,4.9911,-0.0373,0.3911,0.0625,1788739545.837
11.082,1.8933,4.9908,-0.0360,0.3911,0.0625,1788739545.857
11.102,1.9012,4.9905,-0.0348,0.3911,0.0625,1788739545.877
11.122,1.9090,4.9902,-0.0335,0.3911,0.0625,1788739545.897
11.142,1.9167,4.9900,-0.0322,0.3846,0.0653,1788739545.917
11.162,1.9244,4.9898,-0.0309,0.3846,0.0653,1788739545.937
11.182,1.9320,4.9895,-0.0296,0.3846,0.0653,1788739545.957
11.202,1.9397,4.9893,-0.0283,0.3846,0.0653,1788739545.977
11.222,1.9474,4.9891,-0.0270,0.3846,0.0653,1788739545.997
11.242,1.9551,4.9889,-0.0257,0.3860,0.0635,1788739546.017
11.262,1.9629,4.9887,-0.0244,0.3860,0.0635,1788739546.037
11.282,1.9706,4.9885,-0.0232,0.3860,0.0635,1788739546.057
11.302,1.9783,4.9884,-0.0219,0.3860,0.0635,1788739546.077
11.322,1.9860,4.9882,-0.0206,0.3860,0.0635,1788739546.097
11.342,1.9938,4.9881,-0.0194,0.3870,0.0634,1788739546.117
11.362,2.0015,4.9879,-0.0181,0.3870,0.0634,1788739546.137
11.383,2.0092,4.9878,-0.0168,0.3870,0.0634,1788739546.157
11.402,2.0170,4.9877,-0.0156,0.3870,0.0634,1788739546.177
11.422,2.0247,4.9876,-0.0143,0.3870,0.0634,1788739546.197
11.442,2.0325,4.9875,-0.0133,0.3894,0.0520,1788739546.217
11.462,2.0403,4.9874,-0.0122,0.3894,0.0520,1788739546.237
11.482,2.0481,4.9873,-0.0112,0.3894,0.0520,1788739546.257
11.502,2.0559,4.9872,-0.0101,0.3894,0.0520,1788739546.277
11.522,2.0636,4.9871,-0.0091,0.3894,0.0520,1788739546.297
11.542,2.0713,4.9871,-0.0077,0.3849,0.0688,1788739546.317
11.563,2.0790,4.9870,-0.0063,0.3849,0.0688,1788739546.337
11.582,2.0867,4.9870,-0.0050,0.3849,0.0688,1788739546.357
11.602,2.0944,4.9869,-0.0036,0.3849,0.0688,1788739546.377
11.622,2.1021,4.9869,-0.0022,0.3849,0.0688,1788739546.397
11.642,2.1100,4.9869,-0.0016,0.3928,0.0301,1788739546.417
11.662,2.1178,4.9869,-0.0010,0.3928,0.0301,1788739546.437
11.682,2.1257,4.9869,-0.0004,0.3928,0.0301,1788739546.457
11.702,2.1336,4.9869,0.0002,0.3928,0.0301,1788739546.477
11.722,2.1414,4.9869,0.0008,0.3928,0.0301,1788739546.497
11.742,2.1491,4.9869,0.0018,0.3860,0.0486,1788739546.517
11.762,2.1569,4.9869,0.0028,0.3860,0.0486,1788739546.537
11.782,2.1646,4.9870,0.0037,0.3860,0.0486,1788739546.557
11.802,2.1723,4.9870,0.0047,0.3860,0.0486,1788739546.577
11.822,2.1800,4.9871,0.0057,0.3860,0.0486,1788739546.597
11.842,2.1878,4.9871,0.0070,0.3879,0.0649,1788739546.617
11.862,2.1955,4.9872,0.0083,0.3879,0.0649,1788739546.637
11.882,2.2033,4.9872,0.0096,0.3879,0.0649,1788739546.657
11.902,2.2110,4.9873,0.0109,0.3879,0.0649,1788739546.677
11.922,2.2188,4.9874,0.0122,0.3879,0.0649,1788739546.697
11.942,2.2265,4.9875,0.0136,0.3865,0.0723,1788739546.717
11.962,2.2343,4.9876,0.0151,0.3865,0.0723,1788739546.737
11.982,2.2420,4.9878,0.0165,0.3865,0.0723,1788739546.757
12.002,2.2497,4.9879,0.0179,0.3865,0.0723,1788739546.777
12.022,2.2575,4.9881,0.0194,0.3865,0.0723,1788739546.797
12.042,2.2653,4.9882,0.0207,0.3908,0.0674,1788739546.817
12.062,2.2731,4.9884,0.0221,0.3908,0.0674,1788739546.837
12.082,2.2809,4.9886,0.0234,0.3908,0.0674,1788739546.857
12.102,2.2887,4.9888,0.0248,0.3908,0.0674,1788739546.877
12.122,2.2965,4.9890,0.0261,0.3908,0.0674,1788739546.897
12.142,2.3043,4.9892,0.0273,0.3893,0.0559,1788739546.917
12.162,2.3121,4.9894,0.0284,0.3893,0.0559,1788739546.937
12.182,2.3199,4.9896,0.0295,0.3893,0.0559,1788739546.957
12.202,2.3277,4.9899,0.0306,0.3893,0.0559,1788739546.977
12.222,2.3354,4.9901,0.0317,0.3893,0.0559,1788739546.997
12.242,2.3433,4.9904,0.0325,0.3928,0.0407,1788739547.017
12.262,2.3511,4.9906,0.0334,0.3928,0.0407,1788739547.037
12.282,2.3590,4.9909,0.0342,0.3928,0.0407,1788739547.057
12.302,2.3668,4.9912,0.0350,0.3928,0.0407,1788739547.077
12.323,2.3747,4.9915,0.0358,0.3928,0.0407,1788739547.097
12.343,2.3825,4.9918,0.0370,0.3901,0.0595,1788739547.117
12.362,2.3903,4.9921,0.0382,0.3901,0.0595,1788739547.137
12.382,2.3981,4.9924,0.0394,0.3901,0.0595,1788739547.157
12.403,2.4059,4.9927,0.0406,0.3901,0.0595,1788739547.177
12.422,2.4137,4.9930,0.0417,0.3901,0.0595,1788739547.197
12.442,2.4215,4.9933,0.0422,0.3912,0.0253,1788739547.217
12.463,2.4293,4.9937,0.0428,0.3912,0.0253,1788739547.237
12.482,2.4371,4.9940,0.0433,0.3912,0.0253,1788739547.257
12.503,2.4449,4.9944,0.0438,0.3912,0.0253,1788739547.277
12.522,2.4528,4.9947,0.0443,0.3912,0.0253,1788739547.297
12.542,2.4606,4.9950,0.0437,0.3909,-0.0286,1788739547.317
12.562,2.4684,4.9954,0.0431,0.3909,-0.0286,1788739547.337
12.582,2.4762,4.9957,0.0426,0.3909,-0.0286,1788739547.357
12.602,2.4840,4.9960,0.0420,0.3909,-0.0286,1788739547.377
12.622,2.4918,4.9964,0.0414,0.3909,-0.0286,1788739547.397
12.642,2.4996,4.9967,0.0403,0.3918,-0.0561,1788739547.417
12.662,2.5075,4.9970,0.0392,0.3918,-0.0561,1788739547.437
12.682,2.5153,4.9973,0.0380,0.3918,-0.0561,1788739547.457
12.702,2.5231,4.9976,0.0369,0.3918,-0.0561,1788739547.477
12.722,2.5310,4.9978,0.0358,0.3918,-0.0561,1788739547.497
12.742,2.5386,4.9981,0.0344,0.3846,-0.0675,1788739547.517
12.762,2.5463,4.9984,0.0331,0.3846,-0.0675,1788739547.537
12.782,2.5540,4.9986,0.0318,0.3846,-0.0675,1788739547.557
12.802,2.5617,4.9988,0.0304,0.3846,-0.0675,1788739547.577
12.822,2.5694,4.9991,0.0291,0.3846,-0.0675,1788739547.597
12.842,2.5771,4.9993,0.0273,0.3852,-0.0888,1788739547.617
12.863,2.5848,4.9995,0.0255,0.3852,-0.0888,1788739547.637
12.882,2.5925,4.9997,0.0237,0.3852,-0.0888,1788739547.657
12.902,2.6002,4.9998,0.0219,0.3852,-0.0888,1788739547.677
12.922,2.6079,5.0000,0.0202,0.3852,-0.0888,1788739547.697
12.942,2.6157,5.0001,0.0183,0.3887,-0.0936,1788739547.717
12.962,2.6235,5.0003,0.0164,0.3887,-0.0936,1788739547.737
12.982,2.6312,5.0004,0.0146,0.3887,-0.0936,1788739547.757
13.002,2.6390,5.0005,0.0127,0.3887,-0.0936,1788739547.777
13.022,2.6468,5.0005,0.0108,0.3887,-0.0936,1788739547.797
13.042,2.6546,5.0006,0.0076,0.3916,-0.1607,1788739547.817
13.062,2.6624,5.0006,0.0044,0.3916,-0.1607,1788739547.837
13.082,2.6703,5.0007,0.0012,0.3916,-0.1607,1788739547.857
13.102,2.6781,5.0006,-0.0020,0.3916,-0.1607,1788739547.877
13.122,2.6859,5.0006,-0.0053,0.3916,-0.1607,1788739547.897
13.142,2.6937,5.0005,-0.0079,0.3899,-0.1339,1788739547.917
13.162,2.7015,5.0005,-0.0106,0.3899,-0.1339,1788739547.937
13.182,2.7093,5.0003,-0.0133,0.3899,-0.1339,1788739547.957
13.202,2.7171,5.0002,-0.0160,0.3899,-0.1339,1788739547.977
13.222,2.7249,5.0001,-0.0187,0.3899,-0.1339,1788739547.997
13.242,2.7326,4.9999,-0.0203,0.3857,-0.0806,1788739548.017
13.262,2.7403,4.9998,-0.0219,0.3857,-0.0806,1788739548.037
13.282,2.7481,4.9996,-0.0235,0.3857,-0.0806,1788739548.057
13.302,2.7558,4.9994,-0.0251,0.3857,-0.0806,1788739548.077
13.322,2.7635,4.9992,-0.0267,0.3857,-0.0806,1788739548.097
13.342,2.7710,4.9990,-0.0278,0.3779,-0.0564,1788739548.117
13.362,2.7786,4.9987,-0.0290,0.3779,-0.0564,1788739548.137
13.383,2.7861,4.9985,-0.0301,0.3779,-0.0564,1788739548.157
13.402,2.7937,4.9983,-0.0312,0.3779,-0.0564,1788739548.177
13.422,2.8012,4.9980,-0.0324,0.3779,-0.0564,1788739548.197
13.442,2.8089,4.9978,-0.0342,0.3807,-0.0940,1788739548.217
13.462,2.8165,4.9975,-0.0361,0.3807,-0.0940,1788739548.237
13.482,2.8241,4.9972,-0.0380,0.3807,-0.0940,1788739548.257
13.502,2.8317,4.9969,-0.0399,0.3807,-0.0940,1788739548.277
13.522,2.8393,4.9966,-0.0418,0.3807,-0.0940,1788739548.297
13.542,2.8469,4.9963,-0.0424,0.3786,-0.0345,1788739548.317
13.562,2.8544,4.9959,-0.0431,0.3786,-0.0345,1788739548.337
13.582,2.8620,4.9956,-0.0438,0.3786,-0.0345,1788739548.357
13.602,2.8695,4.9953,-0.0445,0.3786,-0.0345,1788739548.377
13.622,2.8771,4.9949,-0.0452,0.3786,-0.0345,1788739548.397
13.642,2.8848,4.9946,-0.0452,0.3869,0.0013,1788739548.417
13.662,2.8926,4.9942,-0.0451,0.3869,0.0013,1788739548.437
13.682,2.9003,4.9939,-0.0451,0.3869,0.0013,1788739548.457
13.703,2.9080,4.9935,-0.0451,0.3869,0.0013,1788739548.477
13.723,2.9158,4.9932,-0.0451,0.3869,0.0013,1788739548.497
13.742,2.9235,4.9928,-0.0439,0.3880,0.0579,1788739548.517
13.762,2.9313,4.9925,-0.0428,0.3880,0.0579,1788739548.537
13.782,2.9390,4.9922,-0.0416,0.3880,0.0579,1788739548.557
13.802,2.9468,4.9919,-0.0404,0.3880,0.0579,1788739548.577
13.822,2.9545,4.9916,-0.0393,0.3880,0.0579,1788739548.597
13.842,2.9623,4.9913,-0.0374,0.3895,0.0964,1788739548.617
13.862,2.9701,4.9910,-0.0354,0.3895,0.0964,1788739548.637
13.882,2.9779,4.9907,-0.0335,0.3895,0.0964,1788739548.657
13.902,2.9857,4.9905,-0.0316,0.3895,0.0964,1788739548.677
13.922,2.9934,4.9903,-0.0296,0.3895,0.0964,1788739548.697
13.942,3.0012,4.9901,-0.0267,0.3904,0.1472,1788739548.717
13.962,3.0091,4.9899,-0.0238,0.3904,0.1472,1788739548.737
13.983,3.0169,4.9897,-0.0208,0.3904,0.1472,1788739548.757
14.002,3.0247,4.9896,-0.0179,0.3904,0.1472,1788739548.777
14.022,3.0325,4.9895,-0.0149,0.3904,0.1472,1788739548.797
14.042,3.0403,4.9894,-0.0118,0.3910,0.1581,1788739548.817
14.062,3.0481,4.9893,-0.0086,0.3910,0.1581,1788739548.837
14.082,3.0559,4.9893,-0.0054,0.3910,0.1581,1788739548.857
14.102,3.0638,4.9892,-0.0023,0.3910,0.1581,1788739548.877
14.122,3.0716,4.9892,0.0009,0.3910,0.1581,1788739548.897
14.142,3.0793,4.9893,0.0042,0.3866,0.1673,1788739548.917
14.162,3.0870,4.9893,0.0076,0.3866,0.1673,1788739548.937
14.182,3.0948,4.9894,0.0109,0.3866,0.1673,1788739548.957
14.202,3.1025,4.9895,0.0143,0.3866,0.1673,1788739548.977
14.222,3.1102,4.9897,0.0176,0.3866,0.1673,1788739548.997
14.242,3.1179,4.9898,0.0208,0.3859,0.1569,1788739549.017
14.262,3.1257,4.9900,0.0239,0.3859,0.1569,1788739549.037
14.282,3.1334,4.9902,0.0270,0.3859,0.1569,1788739549.057
14.302,3.1411,4.9905,0.0302,0.3859,0.1569,1788739549.077
14.322,3.1488,4.9907,0.0333,0.3859,0.1569,1788739549.097
14.342,3.1565,4.9910,0.0359,0.3825,0.1307,1788739549.117
14.362,3.1641,4.9913,0.0385,0.3825,0.1307,1788739549.137
14.382,3.1717,4.9916,0.0412,0.3825,0.1307,1788739549.157
14.402,3.1794,4.9919,0.0438,0.3825,0.1307,1788739549.177
14.422,3.1870,4.9923,0.0464,0.3825,0.1307,1788739549.197
14.442,3.1948,4.9927,0.0478,0.3906,0.0694,1788739549.217
14.462,3.2026,4.9930,0.0492,0.3906,0.0694,1788739549.237
14.482,3.2104,4.9934,0.0505,0.3906,0.0694,1788739549.257
14.502,3.2182,4.9938,0.0519,0.3906,0.0694,1788739549.277
14.522,3.2260,4.9943,0.0533,0.3906,0.0694,1788739549.297
14.542,3.2338,4.9947,0.0529,0.3890,-0.0204,1788739549.317
14.562,3.2416,4.9951,0.0525,0.3890,-0.0204,1788739549.337
14.582,3.2493,4.9955,0.0521,0.3890,-0.0204,1788739549.357
14.602,3.2571,4.9959,0.0517,0.3890,-0.0204,1788739549.377
14.622,3.2649,4.9963,0.0513,0.3890,-0.0204,1788739549.397
14.642,3.2727,4.9967,0.0506,0.3917,-0.0339,1788739549.417
14.662,3.2805,4.9971,0.0499,0.3917,-0.0339,1788739549.437
14.682,3.2884,4.9975,0.0492,0.3917,-0.0339,1788739549.457
14.702,3.2962,4.9978,0.0486,0.3917,-0.0339,1788739549.477
14.722,3.3040,4.9982,0.0479,0.3917,-0.0339,1788739549.497
14.742,3.3118,4.9986,0.0473,0.3876,-0.0317,1788739549.517
14.762,3.3195,4.9989,0.0466,0.3876,-0.0317,1788739549.537
14.782,3.3272,4.9993,0.0460,0.3876,-0.0317,1788739549.557
14.802,3.3350,4.9996,0.0453,0.3876,-0.0317,1788739549.577
14.822,3.3427,5.0000,0.0447,0.3876,-0.0317,1788739549.597
14.843,3.3505,5.0003,0.0429,0.3884,-0.0903,1788739549.617
14.862,3.3583,5.0006,0.0411,0.3884,-0.0903,1788739549.637
14.882,3.3660,5.0009,0.0393,0.3884,-0.0903,1788739549.657
14.902,3.3738,5.0012,0.0375,0.3884,-0.0903,1788739549.677
14.922,3.3815,5.0015,0.0357,0.3884,-0.0903,1788739549.697
14.942,3.3892,5.0018,0.0332,0.3836,-0.1246,1788739549.717
14.962,3.3969,5.0020,0.0307,0.3836,-0.1246,1788739549.737
14.982,3.4046,5.0022,0.0282,0.3836,-0.1246,1788739549.757
15.002,3.4122,5.0024,0.0257,0.3836,-0.1246,1788739549.777
15.022,3.4199,5.0026,0.0232,0.3836,-0.1246,1788739549.797
15.042,3.4275,5.0028,0.0210,0.3814,-0.1087,1788739549.817
15.062,3.4351,5.0029,0.0189,0.3814,-0.1087,1788739549.837
15.082,3.4428,5.0030,0.0167,0.3814,-0.1087,1788739549.857
15.103,3.4504,5.0031,0.0145,0.3814,-0.1087,1788739549.877
15.122,3.4580,5.0032,0.0124,0.3814,-0.1087,1788739549.897
15.142,3.4659,5.0033,0.0106,0.3915,-0.0892,1788739549.917
15.162,3.4737,5.0034,0.0088,0.3915,-0.0892,1788739549.937
15.182,3.4815,5.0034,0.0070,0.3915,-0.0892,1788739549.957
15.202,3.4893,5.0035,0.0052,0.3915,-0.0892,1788739549.977
15.222,3.4972,5.0035,0.0034,0.3915,-0.0892,1788739549.997
15.242,3.5050,5.0035,0.0028,0.3895,-0.0337,1788739550.017
15.262,3.5128,5.0035,0.0021,0.3895,-0.0337,1788739550.037
15.282,3.5205,5.0036,0.0014,0.3895,-0.0337,1788739550.057
15.302,3.5283,5.0036,0.0007,0.3895,-0.0337,1788739550.077
15.323,3.5361,5.0036,0.0001,0.3895,-0.0337,1788739550.097
15.342,3.5439,5.0036,-0.0009,0.3899,-0.0482,1788739550.117
15.362,3.5517,5.0035,-0.0019,0.3899,-0.0482,1788739550.137
15.382,3.5595,5.0035,-0.0028,0.3899,-0.0482,1788739550.157
15.402,3.5673,5.0035,-0.0038,0.3899,-0.0482,1788739550.177
15.422,3.5751,5.0035,-0.0048,0.3899,-0.0482,1788739550.197
15.442,3.5830,5.0034,-0.0059,0.3926,-0.0572,1788739550.217
15.462,3.5908,5.0034,-0.0071,0.3926,-0.0572,1788739550.237
15.482,3.5987,5.0033,-0.0082,0.3926,-0.0572,1788739550.257
15.502,3.6065,5.0032,-0.0093,0.3926,-0.0572,1788739550.277
15.522,3.6144,5.0031,-0.0105,0.3926,-0.0572,1788739550.297
15.542,3.6220,5.0030,-0.0110,0.3835,-0.0265,1788739550.317
15.562,3.6297,5.0030,-0.0115,0.3835,-0.0265,1788739550.337
15.582,3.6374,5.0029,-0.0121,0.3835,-0.0265,1788739550.357
15.602,3.6451,5.0028,-0.0126,0.3835,-0.0265,1788739550.377
15.622,3.6527,5.0027,-0.0131,0.3835,-0.0265,1788739550.397
15.642,3.6604,5.0026,-0.0131,0.3828,0.0017,1788739550.417
15.662,3.6680,5.0025,-0.0131,0.3828,0.0017,1788739550.437
15.682,3.6757,5.0024,-0.0130,0.3828,0.0017,1788739550.457
15.702,3.6833,5.0023,-0.0130,0.3828,0.0017,1788739550.477
15.722,3.6910,5.0022,-0.0130,0.3828,0.0017,1788739550.497
15.742,3.6987,5.0021,-0.0126,0.3856,0.0202,1788739550.517
15.762,3.7064,5.0020,-0.0122,0.3856,0.0202,1788739550.537
15.782,3.7141,5.0019,-0.0118,0.3856,0.0202,1788739550.557
15.803,3.7218,5.0018,-0.0114,0.3856,0.0202,1788739550.577
15.823,3.7296,5.0017,-0.0110,0.3856,0.0202,1788739550.597
15.843,3.7373,5.0016,-0.0106,0.3862,0.0179,1788739550.617
15.862,3.7450,5.0016,-0.0102,0.3862,0.0179,1788739550.637
15.882,3.7527,5.0015,-0.0099,0.3862,0.0179,1788739550.657
15.902,3.7605,5.0014,-0.0095,0.3862,0.0179,1788739550.677
15.922,3.7682,5.0013,-0.0092,0.3862,0.0179,1788739550.697
15.942,3.7760,5.0013,-0.0086,0.3896,0.0295,1788739550.717
15.962,3.7838,5.0012,-0.0080,0.3896,0.0295,1788739550.737
15.982,3.7916,5.0011,-0.0074,0.3896,0.0295,1788739550.757
16.002,3.7993,5.0011,-0.0068,0.3896,0.0295,1788739550.777
16.022,3.8071,5.0010,-0.0062,0.3896,0.0295,1788739550.797
16.042,3.8149,5.0010,-0.0059,0.3890,0.0165,1788739550.817
16.062,3.8227,5.0010,-0.0056,0.3890,0.0165,1788739550.837
16.082,3.8305,5.0009,-0.0052,0.3890,0.0165,1788739550.857
16.103,3.8383,5.0009,-0.0049,0.3890,0.0165,1788739550.877
16.123,3.8460,5.0008,-0.0046,0.3890,0.0165,1788739550.897
16.142,3.8539,5.0008,-0.0043,0.3910,0.0118,1788739550.917
16.162,3.8617,5.0008,-0.0041,0.3910,0.0118,1788739550.937
16.182,3.8695,5.0007,-0.0039,0.3910,0.0118,1788739550.957
16.202,3.8773,5.0007,-0.0036,0.3910,0.0118,1788739550.977
16.222,3.8851,5.0007,-0.0034,0.3910,0.0118,1788739550.997
16.242,3.8929,5.0007,-0.0035,0.3888,-0.0056,1788739551.017
16.262,3.9007,5.0006,-0.0036,0.3888,-0.0056,1788739551.037
16.282,3.9085,5.0006,-0.0037,0.3888,-0.0056,1788739551.057
16.302,3.9162,5.0006,-0.0038,0.3888,-0.0056,1788739551.077
16.322,3.9240,5.0005,-0.0040,0.3888,-0.0056,1788739551.097
16.342,3.9318,5.0005,-0.0041,0.3881,-0.0068,1788739551.117
16.362,3.9395,5.0005,-0.0042,0.3881,-0.0068,1788739551.137
16.383,3.9473,5.0004,-0.0044,0.3881,-0.0068,1788739551.157
16.403,3.9551,5.0004,-0.0045,0.3881,-0.0068,1788739551.177
16.422,3.9628,5.0004,-0.0046,0.3881,-0.0068,1788739551.197
16.442,3.9706,5.0003,-0.0049,0.3892,-0.0136,1788739551.217
16.462,3.9784,5.0003,-0.0052,0.3892,-0.0136,1788739551.237
16.482,3.9862,5.0003,-0.0055,0.3892,-0.0136,1788739551.257
16.502,3.9940,5.0002,-0.0057,0.3892,-0.0136,1788739551.277
16.522,4.0017,5.0002,-0.0060,0.3892,-0.0136,1788739551.297
16.542,4.0095,5.0001,-0.0072,0.3870,-0.0601,1788739551.317
16.562,4.0172,5.0000,-0.0084,0.3870,-0.0601,1788739551.337
16.582,4.0250,5.0000,-0.0096,0.3870,-0.0601,1788739551.357
16.602,4.0327,4.9999,-0.0108,0.3870,-0.0601,1788739551.377
16.622,4.0404,4.9998,-0.0120,0.3870,-0.0601,1788739551.397
16.642,4.0482,4.9997,-0.0124,0.3872,-0.0218,1788739551.417
16.662,4.0559,4.9996,-0.0129,0.3872,-0.0218,1788739551.437
16.682,4.0637,4.9995,-0.0133,0.3872,-0.0218,1788739551.457
16.702,4.0714,4.9994,-0.0138,0.3872,-0.0218,1788739551.477
16.722,4.0792,4.9993,-0.0142,0.3872,-0.0218,1788739551.497
16.742,4.0870,4.9992,-0.0148,0.3894,-0.0314,1788739551.517
16.762,4.0947,4.9990,-0.0154,0.3894,-0.0314,1788739551.537
16.782,4.1025,4.9989,-0.0161,0.3894,-0.0314,1788739551.557
16.802,4.1103,4.9988,-0.0167,0.3894,-0.0314,1788739551.577
16.822,4.1181,4.9987,-0.0173,0.3894,-0.0314,1788739551.597
16.842,4.1258,4.9985,-0.0173,0.3848,0.0031,1788739551.617
16.862,4.1335,4.9984,-0.0172,0.3848,0.0031,1788739551.637
16.882,4.1412,4.9983,-0.0171,0.3848,0.0031,1788739551.657
16.902,4.1489,4.9981,-0.0171,0.3848,0.0031,1788739551.677
16.922,4.1566,4.9980,-0.0170,0.3848,0.0031,1788739551.697
16.942,4.1643,4.9979,-0.0165,0.3877,0.0253,1788739551.717
16.962,4.1721,4.9977,-0.0160,0.3877,0.0253,1788739551.737
16.982,4.1798,4.9976,-0.0155,0.3877,0.0253,1788739551.757
17.002,4.1876,4.9975,-0.0150,0.3877,0.0253,1788739551.777
17.022,4.1953,4.9974,-0.0145,0.3877,0.0253,1788739551.797
17.042,4.2032,4.9973,-0.0132,0.3917,0.0646,1788739551.817
17.062,4.2110,4.9972,-0.0119,0.3917,0.0646,1788739551.837
17.082,4.2188,4.9971,-0.0106,0.3917,0.0646,1788739551.857
17.102,4.2267,4.9970,-0.0093,0.3917,0.0646,1788739551.877
17.122,4.2345,4.9970,-0.0080,0.3917,0.0646,1788739551.897
17.142,4.2424,4.9969,-0.0058,0.3927,0.1107,1788739551.917
17.162,4.2502,4.9969,-0.0036,0.3927,0.1107,1788739551.937
17.182,4.2581,4.9969,-0.0014,0.3927,0.1107,1788739551.957
17.202,4.2659,4.9969,0.0008,0.3927,0.1107,1788739551.977
17.222,4.2738,4.9969,0.0030,0.3927,0.1107,1788739551.997
17.242,4.2815,4.9970,0.0051,0.3879,0.1011,1788739552.017
17.262,4.2893,4.9970,0.0071,0.3879,0.1011,1788739552.037
17.282,4.2971,4.9971,0.0091,0.3879,0.1011,1788739552.057
17.302,4.3048,4.9972,0.0111,0.3879,0.1011,1788739552.077
17.322,4.3126,4.9973,0.0132,0.3879,0.1011,1788739552.097
17.342,4.3204,4.9974,0.0151,0.3896,0.0959,1788739552.117
17.362,4.3282,4.9975,0.0170,0.3896,0.0959,1788739552.137
17.382,4.3359,4.9977,0.0189,0.3896,0.0959,1788739552.157
17.402,4.3437,4.9978,0.0208,0.3896,0.0959,1788739552.177
17.422,4.3515,4.9980,0.0227,0.3896,0.0959,1788739552.197
17.442,4.3592,4.9982,0.0240,0.3820,0.0614,1788739552.217
17.462,4.3668,4.9984,0.0252,0.3820,0.0614,1788739552.237
17.482,4.3744,4.9986,0.0264,0.3820,0.0614,1788739552.257
17.502,4.3821,4.9988,0.0276,0.3820,0.0614,1788739552.277
17.522,4.3897,4.9990,0.0289,0.3820,0.0614,1788739552.297
17.542,4.3975,4.9992,0.0293,0.3888,0.0223,1788739552.317
17.562,4.4053,4.9995,0.0298,0.3888,0.0223,1788739552.337
17.582,4.4130,4.9997,0.0302,0.3888,0.0223,1788739552.357
17.602,4.4208,5.0000,0.0307,0.3888,0.0223,1788739552.377
17.622,4.4286,5.0002,0.0311,0.3888,0.0223,1788739552.397
17.642,4.4363,5.0004,0.0308,0.3865,-0.0145,1788739552.417
17.662,4.4440,5.0007,0.0305,0.3865,-0.0145,1788739552.437
17.682,4.4517,5.0009,0.0302,0.3865,-0.0145,1788739552.457
17.702,4.4595,5.0011,0.0299,0.3865,-0.0145,1788739552.477
17.722,4.4672,5.0014,0.0297,0.3865,-0.0145,1788739552.497
17.742,4.4749,5.0016,0.0301,0.3861,0.0201,1788739552.517
17.762,4.4826,5.0018,0.0305,0.3861,0.0201,1788739552.537
17.782,4.4904,5.0021,0.0309,0.3861,0.0201,1788739552.557
17.802,4.4981,5.0023,0.0313,0.3861,0.0201,1788739552.577
17.822,4.5058,5.0026,0.0317,0.3861,0.0201,1788739552.597
17.842,4.5135,5.0028,0.0320,0.3854,0.0189,1788739552.617
17.862,4.5212,5.0030,0.0324,0.3854,0.0189,1788739552.637
17.882,4.5289,5.0033,0.0328,0.3854,0.0189,1788739552.657
17.902,4.5366,5.0036,0.0332,0.3854,0.0189,1788739552.677
17.922,4.5443,5.0038,0.0336,0.3854,0.0189,1788739552.697
17.942,4.5521,5.0041,0.0330,0.3903,-0.0262,1788739552.717
17.962,4.5599,5.0043,0.0325,0.3903,-0.0262,1788739552.737
17.982,4.5677,5.0046,0.0320,0.3903,-0.0262,1788739552.757
18.002,4.5755,5.0048,0.0315,0.3903,-0.0262,1788739552.777
18.022,4.5833,5.0051,0.0309,0.3903,-0.0262,1788739552.797
18.042,4.5912,5.0053,0.0317,0.3939,0.0395,1788739552.817
18.062,4.5991,5.0056,0.0325,0.3939,0.0395,1788739552.837
18.082,4.6069,5.0058,0.0333,0.3939,0.0395,1788739552.857
18.102,4.6148,5.0061,0.0341,0.3939,0.0395,1788739552.877
18.122,4.6227,5.0064,0.0349,0.3939,0.0395,1788739552.897
18.142,4.6306,5.0067,0.0350,0.3956,0.0076,1788739552.917
18.163,4.6385,5.0069,0.0352,0.3956,0.0076,1788739552.937
18.182,4.6464,5.0072,0.0353,0.3956,0.0076,1788739552.957
18.202,4.6543,5.0075,0.0355,0.3956,0.0076,1788739552.977
18.222,4.6622,5.0078,0.0356,0.3956,0.0076,1788739552.997
18.242,4.6702,5.0081,0.0417,0.3998,0.3035,1788739553.017
18.262,4.6782,5.0085,0.0478,0.3998,0.3035,1788739553.037
18.282,4.6862,5.0089,0.0539,0.3998,0.3035,1788739553.057
18.302,4.6942,5.0094,0.0599,0.3998,0.3035,1788739553.077
18.322,4.7021,5.0099,0.0660,0.3998,0.3035,1788739553.097
18.342,4.7099,5.0105,0.0751,0.3882,0.4553,1788739553.117
18.362,4.7176,5.0112,0.0842,0.3882,0.4553,1788739553.137
18.382,4.7254,5.0119,0.0933,0.3882,0.4553,1788739553.157
18.402,4.7331,5.0127,0.1024,0.3882,0.4553,1788739553.177
18.422,4.7408,5.0135,0.1115,0.3882,0.4553,1788739553.197
18.442,4.7408,5.0135,0.1115,0.0000,0.0000,1788739553.217
18.462,4.7408,5.0135,0.1115,0.0000,0.0000,1788739553.237
18.482,4.7408,5.0135,0.1115,0.0000,0.0000,1788739553.257
18.502,4.7408,5.0135,0.1115,0.0000,0.0000,1788739553.277
18.522,4.7408,5.0135,0.1115,0.0000,0.0000,1788739553.297
18.542,4.7408,5.0135,0.1115,0.0000,0.0000,1788739553.317
18.562,4.7408,5.0135,0.1115,0.0000,0.0000,1788739553.337
18.582,4.7408,5.0135,0.1115,0.0000,0.0000,1788739553.357
18.602,4.7408,5.0135,0.1115,0.0000,0.0000,1788739553.377
18.622,4.7408,5.0135,0.1115,0.0000,0.0000,1788739553.397
18.642,4.7408,5.0135,0.1115,0.0000,0.0000,1788739553.417
18.662,4.7408,5.0135,0.1115,0.0000,0.0000,1788739553.437
18.682,4.7408,5.0135,0.1115,0.0000,0.0000,1788739553.457
18.702,4.7408,5.0135,0.1115,0.0000,0.0000,1788739553.477
18.722,4.7408,5.0135,0.1115,0.0000,0.0000,1788739553.497
18.742,4.7408,5.0135,0.1115,0.0000,0.0000,1788739553.517
18.762,4.7408,5.0135,0.1115,0.0000,0.0000,1788739553.537
18.782,4.7408,5.0135,0.1115,0.0000,0.0000,1788739553.557
18.802,4.7408,5.0135,0.1115,0.0000,0.0000,1788739553.577
18.822,4.7408,5.0135,0.1115,0.0000,0.0000,1788739553.597
18.842,4.7408,5.0135,0.1115,0.0000,0.0000,1788739553.617
18.862,4.7408,5.0135,0.1115,0.0000,0.0000,1788739553.637
18.882,4.7408,5.0135,0.1115,0.0000,0.0000,1788739553.657
18.902,4.7408,5.0135,0.1115,0.0000,0.0000,1788739553.677
18.922,4.7408,5.0135,0.1115,0.0000,0.0000,1788739553.697
18.942,4.7408,5.0135,0.1115,0.0000,0.0000,1788739553.717
18.962,4.7408,5.0135,0.1115,0.0000,0.0000,1788739553.737
18.982,4.7408,5.0135,0.1115,0.0000,0.0000,1788739553.757
19.002,4.7408,5.0135,0.1115,0.0000,0.0000,1788739553.777
19.022,4.7408,5.0135,0.1115,0.0000,0.0000,1788739553.797
19.042,4.7408,5.0135,0.1115,0.0000,0.0000,1788739553.817
19.062,4.7408,5.0135,0.1115,0.0000,0.0000,1788739553.837
19.082,4.7408,5.0135,0.1115,0.0000,0.0000,1788739553.857
19.103,4.7408,5.0135,0.1115,0.0000,0.0000,1788739553.877
19.122,4.7408,5.0135,0.1115,0.0000,0.0000,1788739553.897
19.142,4.7408,5.0135,0.1115,0.0000,0.0000,1788739553.917
19.162,4.7408,5.0135,0.1115,0.0000,0.0000,1788739553.937
19.182,4.7408,5.0135,0.1115,0.0000,0.0000,1788739553.957
19.202,4.7408,5.0135,0.1115,0.0000,0.0000,1788739553.977
19.222,4.7408,5.0135,0.1115,0.0000,0.0000,1788739553.997
19.242,4.7408,5.0135,0.1115,0.0000,0.0000,1788739554.017
19.262,4.7408,5.0135,0.1115,0.0000,0.0000,1788739554.037
19.282,4.7408,5.0135,0.1115,0.0000,0.0000,1788739554.057
19.302,4.7408,5.0135,0.1115,0.0000,0.0000,1788739554.077
19.322,4.7408,5.0135,0.1115,0.0000,0.0000,1788739554.097
19.342,4.7408,5.0135,0.1115,0.0000,0.0000,1788739554.117
19.362,4.7408,5.0135,0.1115,0.0000,0.0000,1788739554.137
19.382,4.7408,5.0135,0.1115,0.0000,0.0000,1788739554.157
19.402,4.7408,5.0135,0.1115,0.0000,0.0000,1788739554.177
19.422,4.7408,5.0135,0.1115,0.0000,0.0000,1788739554.197
19.442,4.7408,5.0135,0.1115,0.0000,0.0000,1788739554.217
19.462,4.7408,5.0135,0.1115,0.0000,0.0000,1788739554.237
19.482,4.7408,5.0135,0.1115,0.0000,0.0000,1788739554.257
19.502,4.7408,5.0135,0.1115,0.0000,0.0000,1788739554.277
19.522,4.7408,5.0135,0.1115,0.0000,0.0000,1788739554.297
19.542,4.7408,5.0135,0.1115,0.0000,0.0000,1788739554.317
19.562,4.7408,5.0135,0.1115,0.0000,0.0000,1788739554.337
19.582,4.7408,5.0135,0.1115,0.0000,0.0000,1788739554.357
19.602,4.7408,5.0135,0.1115,0.0000,0.0000,1788739554.377
19.622,4.7408,5.0135,0.1115,0.0000,0.0000,1788739554.397
19.642,4.7408,5.0135,0.1115,0.0000,0.0000,1788739554.417
19.662,4.7408,5.0135,0.1115,0.0000,0.0000,1788739554.437
19.682,4.7408,5.0135,0.1115,0.0000,0.0000,1788739554.457
19.702,4.7408,5.0135,0.1115,0.0000,0.0000,1788739554.477
19.722,4.7408,5.0135,0.1115,0.0000,0.0000,1788739554.497
19.742,4.7408,5.0135,0.1115,0.0000,0.0000,1788739554.517
19.762,4.7408,5.0135,0.1115,0.0000,0.0000,1788739554.537
19.782,4.7408,5.0135,0.1115,0.0000,0.0000,1788739554.557
19.802,4.7408,5.0135,0.1115,0.0000,0.0000,1788739554.577
19.822,4.7408,5.0135,0.1115,0.0000,0.0000,1788739554.597
19.842,4.7408,5.0135,0.1115,0.0000,0.0000,1788739554.617
19.862,4.7408,5.0135,0.1115,0.0000,0.0000,1788739554.637
19.882,4.7408,5.0135,0.1115,0.0000,0.0000,1788739554.657
19.902,4.7408,5.0135,0.1115,0.0000,0.0000,1788739554.677
19.922,4.7408,5.0135,0.1115,0.0000,0.0000,1788739554.697
19.942,4.7408,5.0135,0.1115,0.0000,0.0000,1788739554.717
19.962,4.7408,5.0135,0.1115,0.0000,0.0000,1788739554.737
19.982,4.7408,5.0135,0.1115,0.0000,0.0000,1788739554.757
20.003,4.7408,5.0135,0.1115,0.0000,0.0000,1788739554.777
20.022,4.7408,5.0135,0.1115,0.0000,0.0000,1788739554.797
20.042,4.7408,5.0135,0.1115,0.0000,0.0000,1788739554.817
20.062,4.7408,5.0135,0.1115,0.0000,0.0000,1788739554.837
20.082,4.7408,5.0135,0.1115,0.0000,0.0000,1788739554.857
20.103,4.7408,5.0135,0.1115,0.0000,0.0000,1788739554.877
20.123,4.7408,5.0135,0.1115,0.0000,0.0000,1788739554.897
20.142,4.7408,5.0135,0.1115,0.0000,0.0000,1788739554.917
20.162,4.7408,5.0135,0.1115,0.0000,0.0000,1788739554.937
20.182,4.7408,5.0135,0.1115,0.0000,0.0000,1788739554.957
20.202,4.7408,5.0135,0.1115,0.0000,0.0000,1788739554.977
20.222,4.7408,5.0135,0.1115,0.0000,0.0000,1788739554.997
20.242,4.7408,5.0135,0.1115,0.0000,0.0000,1788739555.017
20.262,4.7408,5.0135,0.1115,0.0000,0.0000,1788739555.037
20.282,4.7408,5.0135,0.1115,0.0000,0.0000,1788739555.057
20.302,4.7408,5.0135,0.1115,0.0000,0.0000,1788739555.077
20.322,4.7408,5.0135,0.1115,0.0000,0.0000,1788739555.097
20.342,4.7408,5.0135,0.1115,0.0000,0.0000,1788739555.117
20.362,4.7408,5.0135,0.1115,0.0000,0.0000,1788739555.137
20.382,4.7408,5.0135,0.1115,0.0000,0.0000,1788739555.157
20.402,4.7408,5.0135,0.1115,0.0000,0.0000,1788739555.177
20.422,4.7408,5.0135,0.1115,0.0000,0.0000,1788739555.197
20.442,4.7408,5.0135,0.1115,0.0000,0.0000,1788739555.217
20.462,4.7408,5.0135,0.1115,0.0000,0.0000,1788739555.237
20.482,4.7408,5.0135,0.1115,0.0000,0.0000,1788739555.257
20.502,4.7408,5.0135,0.1115,0.0000,0.0000,1788739555.277
20.522,4.7408,5.0135,0.1115,0.0000,0.0000,1788739555.297
20.542,4.7408,5.0135,0.1115,0.0000,0.0000,1788739555.317
20.562,4.7408,5.0135,0.1115,0.0000,0.0000,1788739555.337
20.582,4.7408,5.0135,0.1115,0.0000,0.0000,1788739555.357
20.602,4.7408,5.0135,0.1115,0.0000,0.0000,1788739555.377
20.622,4.7408,5.0135,0.1115,0.0000,0.0000,1788739555.397
20.642,4.7408,5.0135,0.1115,0.0000,0.0000,1788739555.417
20.662,4.7408,5.0135,0.1115,0.0000,0.0000,1788739555.437
20.682,4.7408,5.0135,0.1115,0.0000,0.0000,1788739555.457
20.702,4.7408,5.0135,0.1115,0.0000,0.0000,1788739555.477
20.722,4.7408,5.0135,0.1115,0.0000,0.0000,1788739555.497
20.742,4.7408,5.0135,0.1115,0.0000,0.0000,1788739555.517
20.762,4.7408,5.0135,0.1115,0.0000,0.0000,1788739555.537
20.782,4.7408,5.0135,0.1115,0.0000,0.0000,1788739555.557
20.802,4.7408,5.0135,0.1115,0.0000,0.0000,1788739555.577
20.822,4.7408,5.0135,0.1115,0.0000,0.0000,1788739555.597
20.842,4.7408,5.0135,0.1115,0.0000,0.0000,1788739555.617
20.862,4.7408,5.0135,0.1115,0.0000,0.0000,1788739555.637
20.882,4.7408,5.0135,0.1115,0.0000,0.0000,1788739555.657
20.902,4.7408,5.0135,0.1115,0.0000,0.0000,1788739555.677
20.922,4.7408,5.0135,0.1115,0.0000,0.0000,1788739555.697
20.942,4.7408,5.0135,0.1115,0.0000,0.0000,1788739555.717
20.962,4.7408,5.0135,0.1115,0.0000,0.0000,1788739555.737
20.982,4.7408,5.0135,0.1115,0.0000,0.0000,1788739555.757
21.002,4.7408,5.0135,0.1115,0.0000,0.0000,1788739555.777
21.022,4.7408,5.0135,0.1115,0.0000,0.0000,1788739555.797
21.042,4.7408,5.0135,0.1115,0.0000,0.0000,1788739555.817
21.062,4.7408,5.0135,0.1115,0.0000,0.0000,1788739555.837
21.082,4.7408,5.0135,0.1115,0.0000,0.0000,1788739555.857
21.102,4.7408,5.0135,0.1115,0.0000,0.0000,1788739555.877
21.122,4.7408,5.0135,0.1115,0.0000,0.0000,1788739555.897
21.142,4.7408,5.0135,0.1115,0.0000,0.0000,1788739555.917
21.163,4.7408,5.0135,0.1115,0.0000,0.0000,1788739555.937
21.182,4.7408,5.0135,0.1115,0.0000,0.0000,1788739555.957
21.203,4.7408,5.0135,0.1115,0.0000,0.0000,1788739555.977
21.222,4.7408,5.0135,0.1115,0.0000,0.0000,1788739555.997
21.242,4.7412,5.0136,0.1089,0.0187,-0.1326,1788739556.017
21.262,4.7415,5.0136,0.1062,0.0187,-0.1326,1788739556.037
21.282,4.7419,5.0137,0.1036,0.0187,-0.1326,1788739556.057
21.302,4.7423,5.0137,0.1009,0.0187,-0.1326,1788739556.077
21.322,4.7427,5.0137,0.0983,0.0187,-0.1326,1788739556.097
21.342,4.7435,5.0138,0.0953,0.0435,-0.1478,1788739556.117
21.362,4.7444,5.0139,0.0923,0.0435,-0.1478,1788739556.137
21.382,4.7453,5.0140,0.0894,0.0435,-0.1478,1788739556.157
21.402,4.7461,5.0141,0.0864,0.0435,-0.1478,1788739556.177
21.422,4.7470,5.0141,0.0835,0.0435,-0.1478,1788739556.197
21.442,4.7482,5.0142,0.0801,0.0621,-0.1669,1788739556.217
21.462,4.7495,5.0143,0.0768,0.0621,-0.1669,1788739556.237
21.482,4.7507,5.0144,0.0735,0.0621,-0.1669,1788739556.257
21.502,4.7520,5.0145,0.0701,0.0621,-0.1669,1788739556.277
21.522,4.7532,5.0146,0.0668,0.0621,-0.1669,1788739556.297
21.542,4.7548,5.0147,0.0638,0.0823,-0.1498,1788739556.317
21.562,4.7565,5.0148,0.0608,0.0823,-0.1498,1788739556.337
21.582,4.7581,5.0149,0.0578,0.0823,-0.1498,1788739556.357
21.602,4.7598,5.0150,0.0548,0.0823,-0.1498,1788739556.377
21.622,4.7614,5.0151,0.0518,0.0823,-0.1498,1788739556.397
21.642,4.7635,5.0152,0.0490,0.1045,-0.1390,1788739556.417
21.662,4.7656,5.0153,0.0462,0.1045,-0.1390,1788739556.437
21.682,4.7677,5.0153,0.0435,0.1045,-0.1390,1788739556.457
21.702,4.7698,5.0154,0.0407,0.1045,-0.1390,1788739556.477
21.722,4.7718,5.0155,0.0379,0.1045,-0.1390,1788739556.497
21.742,4.7744,5.0156,0.0350,0.1262,-0.1477,1788739556.517
21.762,4.7769,5.0157,0.0320,0.1262,-0.1477,1788739556.537
21.782,4.7794,5.0158,0.0290,0.1262,-0.1477,1788739556.557
21.802,4.7819,5.0158,0.0261,0.1262,-0.1477,1788739556.577
21.822,4.7845,5.0159,0.0231,0.1262,-0.1477,1788739556.597
21.842,4.7874,5.0159,0.0205,0.1456,-0.1334,1788739556.617
21.862,4.7903,5.0160,0.0178,0.1456,-0.1334,1788739556.637
21.882,4.7932,5.0160,0.0151,0.1456,-0.1334,1788739556.657
21.903,4.7961,5.0161,0.0125,0.1456,-0.1334,1788739556.677
21.922,4.7990,5.0161,0.0098,0.1456,-0.1334,1788739556.697
21.942,4.8023,5.0161,0.0072,0.1659,-0.1281,1788739556.717
21.962,4.8056,5.0161,0.0047,0.1659,-0.1281,1788739556.737
21.982,4.8090,5.0161,0.0021,0.1659,-0.1281,1788739556.757
22.002,4.8123,5.0161,-0.0005,0.1659,-0.1281,1788739556.777
22.022,4.8156,5.0161,-0.0030,0.1659,-0.1281,1788739556.797
22.042,4.8192,5.0161,-0.0047,0.1803,-0.0858,1788739556.817
22.062,4.8228,5.0161,-0.0065,0.1803,-0.0858,1788739556.837
22.082,4.8264,5.0161,-0.0082,0.1803,-0.0858,1788739556.857
22.102,4.8300,5.0160,-0.0099,0.1803,-0.0858,1788739556.877
22.122,4.8336,5.0160,-0.0116,0.1803,-0.0858,1788739556.897
22.142,4.8377,5.0159,-0.0126,0.2014,-0.0492,1788739556.917
22.162,4.8417,5.0159,-0.0136,0.2014,-0.0492,1788739556.937
22.182,4.8457,5.0158,-0.0146,0.2014,-0.0492,1788739556.957
22.202,4.8497,5.0158,-0.0155,0.2014,-0.0492,1788739556.977
22.222,4.8538,5.0157,-0.0165,0.2014,-0.0492,1788739556.997
22.242,4.8582,5.0156,-0.0161,0.2195,0.0185,1788739557.017
22.262,4.8625,5.0156,-0.0158,0.2195,0.0185,1788739557.037
22.282,4.8669,5.0155,-0.0154,0.2195,0.0185,1788739557.057
22.302,4.8713,5.0154,-0.0150,0.2195,0.0185,1788739557.077
22.322,4.8757,5.0154,-0.0147,0.2195,0.0185,1788739557.097
22.342,4.8804,5.0153,-0.0147,0.2363,-0.0037,1788739557.117
22.362,4.8852,5.0152,-0.0148,0.2363,-0.0037,1788739557.137
22.382,4.8899,5.0151,-0.0149,0.2363,-0.0037,1788739557.157
22.402,4.8946,5.0151,-0.0150,0.2363,-0.0037,1788739557.177
22.422,4.8993,5.0150,-0.0150,0.2363,-0.0037,1788739557.197
22.442,4.9043,5.0149,-0.0145,0.2483,0.0242,1788739557.217
22.462,4.9093,5.0149,-0.0141,0.2483,0.0242,1788739557.237
22.482,4.9142,5.0148,-0.0136,0.2483,0.0242,1788739557.257
22.502,4.9192,5.0147,-0.0131,0.2483,0.0242,1788739557.277
22.522,4.9242,5.0147,-0.0126,0.2483,0.0242,1788739557.297
22.542,4.9295,5.0146,-0.0124,0.2668,0.0089,1788739557.317
22.562,4.9348,5.0145,-0.0123,0.2668,0.0089,1788739557.337
22.582,4.9402,5.0145,-0.0121,0.2668,0.0089,1788739557.357
22.602,4.9455,5.0144,-0.0119,0.2668,0.0089,1788739557.377
22.622,4.9508,5.0143,-0.0117,0.2668,0.0089,1788739557.397
22.642,4.9565,5.0143,-0.0108,0.2837,0.0456,1788739557.417
22.663,4.9622,5.0142,-0.0099,0.2837,0.0456,1788739557.437
22.682,4.9679,5.0142,-0.0090,0.2837,0.0456,1788739557.457
22.703,4.9735,5.0141,-0.0081,0.2837,0.0456,1788739557.477
22.722,4.9792,5.0141,-0.0072,0.2837,0.0456,1788739557.497
22.742,4.9853,5.0141,-0.0059,0.3017,0.0641,1788739557.517
22.762,4.9913,5.0140,-0.0046,0.3017,0.0641,1788739557.537
22.782,4.9973,5.0140,-0.0033,0.3017,0.0641,1788739557.557
22.803,5.0034,5.0140,-0.0020,0.3017,0.0641,1788739557.577
22.822,5.0094,5.0140,-0.0008,0.3017,0.0641,1788739557.597
22.842,5.0158,5.0140,-0.0002,0.3182,0.0264,1788739557.617
22.862,5.0221,5.0140,0.0003,0.3182,0.0264,1788739557.637
22.882,5.0285,5.0140,0.0008,0.3182,0.0264,1788739557.657
22.902,5.0348,5.0140,0.0014,0.3182,0.0264,1788739557.677
22.922,5.0412,5.0140,0.0019,0.3182,0.0264,1788739557.697
22.942,5.0479,5.0140,0.0023,0.3359,0.0214,1788739557.717
22.962,5.0546,5.0140,0.0027,0.3359,0.0214,1788739557.737
22.982,5.0614,5.0141,0.0032,0.3359,0.0214,1788739557.757
23.002,5.0681,5.0141,0.0036,0.3359,0.0214,1788739557.777
23.022,5.0748,5.0141,0.0040,0.3359,0.0214,1788739557.797
23.042,5.0818,5.0142,0.0044,0.3520,0.0205,1788739557.817
23.062,5.0889,5.0142,0.0048,0.3520,0.0205,1788739557.837
23.082,5.0959,5.0142,0.0052,0.3520,0.0205,1788739557.857
23.102,5.1030,5.0143,0.0057,0.3520,0.0205,1788739557.877
23.122,5.1100,5.0143,0.0061,0.3520,0.0205,1788739557.897
23.142,5.1174,5.0143,0.0060,0.3708,-0.0014,1788739557.917
23.162,5.1248,5.0144,0.0060,0.3708,-0.0014,1788739557.937
23.182,5.1322,5.0144,0.0060,0.3708,-0.0014,1788739557.957
23.202,5.1397,5.0145,0.0060,0.3708,-0.0014,1788739557.977
23.222,5.1471,5.0145,0.0059,0.3708,-0.0014,1788739557.997
23.242,5.1548,5.0146,0.0060,0.3840,0.0048,1788739558.017
23.262,5.1624,5.0146,0.0061,0.3840,0.0048,1788739558.037
23.282,5.1701,5.0147,0.0062,0.3840,0.0048,1788739558.057
23.302,5.1778,5.0147,0.0063,0.3840,0.0048,1788739558.077
23.322,5.1855,5.0148,0.0064,0.3840,0.0048,1788739558.097
23.342,5.1932,5.0148,0.0060,0.3853,-0.0191,1788739558.117
23.362,5.2009,5.0149,0.0056,0.3853,-0.0191,1788739558.137
23.382,5.2086,5.0149,0.0053,0.3853,-0.0191,1788739558.157
23.402,5.2163,5.0149,0.0049,0.3853,-0.0191,1788739558.177
23.422,5.2240,5.0150,0.0045,0.3853,-0.0191,1788739558.197
23.442,5.2318,5.0150,0.0039,0.3899,-0.0274,1788739558.217
23.462,5.2396,5.0150,0.0034,0.3899,-0.0274,1788739558.237
23.482,5.2474,5.0150,0.0029,0.3899,-0.0274,1788739558.257
23.502,5.2552,5.0151,0.0023,0.3899,-0.0274,1788739558.277
23.522,5.2630,5.0151,0.0018,0.3899,-0.0274,1788739558.297
23.542,5.2709,5.0151,-0.0002,0.3948,-0.0963,1788739558.317
23.563,5.2788,5.0151,-0.0021,0.3948,-0.0963,1788739558.337
23.582,5.2867,5.0150,-0.0040,0.3948,-0.0963,1788739558.357
23.602,5.2946,5.0150,-0.0059,0.3948,-0.0963,1788739558.377
23.623,5.3025,5.0149,-0.0079,0.3948,-0.0963,1788739558.397
23.642,5.3104,5.0148,-0.0101,0.3949,-0.1134,1788739558.417
23.662,5.3183,5.0147,-0.0124,0.3949,-0.1134,1788739558.437
23.682,5.3262,5.0146,-0.0147,0.3949,-0.1134,1788739558.457
23.702,5.3341,5.0145,-0.0169,0.3949,-0.1134,1788739558.477
23.722,5.3420,5.0143,-0.0192,0.3949,-0.1134,1788739558.497
23.742,5.3498,5.0142,-0.0206,0.3900,-0.0693,1788739558.517
23.762,5.3576,5.0140,-0.0220,0.3900,-0.0693,1788739558.537
23.782,5.3654,5.0138,-0.0234,0.3900,-0.0693,1788739558.557
23.802,5.3732,5.0136,-0.0248,0.3900,-0.0693,1788739558.577
23.822,5.3810,5.0134,-0.0261,0.3900,-0.0693,1788739558.597
23.842,5.3888,5.0132,-0.0262,0.3922,-0.0050,1788739558.617
23.862,5.3966,5.0130,-0.0263,0.3922,-0.0050,1788739558.637
23.882,5.4045,5.0128,-0.0264,0.3922,-0.0050,1788739558.657
23.902,5.4123,5.0126,-0.0265,0.3922,-0.0050,1788739558.677
23.922,5.4202,5.0124,-0.0266,0.3922,-0.0050,1788739558.697
23.942,5.4280,5.0122,-0.0269,0.3933,-0.0122,1788739558.717
23.962,5.4359,5.0120,-0.0271,0.3933,-0.0122,1788739558.737
23.982,5.4438,5.0118,-0.0274,0.3933,-0.0122,1788739558.757
24.002,5.4516,5.0115,-0.0276,0.3933,-0.0122,1788739558.777
24.022,5.4595,5.0113,-0.0279,0.3933,-0.0122,1788739558.797
24.042,5.4672,5.0111,-0.0285,0.3869,-0.0339,1788739558.817
24.062,5.4750,5.0109,-0.0292,0.3869,-0.0339,1788739558.837
24.082,5.4827,5.0106,-0.0299,0.3869,-0.0339,1788739558.857
24.102,5.4904,5.0104,-0.0306,0.3869,-0.0339,1788739558.877
24.122,5.4982,5.0102,-0.0312,0.3869,-0.0339,1788739558.897
24.142,5.5059,5.0099,-0.0323,0.3861,-0.0518,1788739558.917
24.162,5.5136,5.0097,-0.0333,0.3861,-0.0518,1788739558.937
24.182,5.5213,5.0094,-0.0344,0.3861,-0.0518,1788739558.957
24.202,5.5290,5.0091,-0.0354,0.3861,-0.0518,1788739558.977
24.222,5.5367,5.0088,-0.0364,0.3861,-0.0518,1788739558.997
24.242,5.5445,5.0085,-0.0379,0.3856,-0.0721,1788739559.017
24.262,5.5522,5.0082,-0.0393,0.3856,-0.0721,1788739559.037
24.282,5.5599,5.0079,-0.0408,0.3856,-0.0721,1788739559.057
24.302,5.5676,5.0076,-0.0422,0.3856,-0.0721,1788739559.077
24.322,5.5753,5.0073,-0.0436,0.3856,-0.0721,1788739559.097
24.343,5.5830,5.0069,-0.0442,0.3848,-0.0270,1788739559.117
24.363,5.5907,5.0066,-0.0447,0.3848,-0.0270,1788739559.137
24.382,5.5983,5.0062,-0.0453,0.3848,-0.0270,1788739559.157
24.402,5.6060,5.0059,-0.0458,0.3848,-0.0270,1788739559.177
24.422,5.6137,5.0055,-0.0463,0.3848,-0.0270,1788739559.197
24.442,5.6215,5.0052,-0.0457,0.3882,0.0299,1788739559.217
24.462,5.6292,5.0048,-0.0451,0.3882,0.0299,1788739559.237
24.482,5.6370,5.0045,-0.0445,0.3882,0.0299,1788739559.257
24.502,5.6447,5.0041,-0.0439,0.3882,0.0299,1788739559.277
24.522,5.6525,5.0038,-0.0433,0.3882,0.0299,1788739559.297
24.542,5.6603,5.0035,-0.0416,0.3891,0.0853,1788739559.317
24.562,5.6680,5.0032,-0.0399,0.3891,0.0853,1788739559.337
24.582,5.6758,5.0029,-0.0382,0.3891,0.0853,1788739559.357
24.602,5.6836,5.0026,-0.0365,0.3891,0.0853,1788739559.377
24.622,5.6914,5.0023,-0.0348,0.3891,0.0853,1788739559.397
24.642,5.6991,5.0021,-0.0330,0.3878,0.0914,1788739559.417
24.662,5.7069,5.0018,-0.0312,0.3878,0.0914,1788739559.437
24.682,5.7146,5.0016,-0.0293,0.3878,0.0914,1788739559.457
24.702,5.7224,5.0014,-0.0275,0.3878,0.0914,1788739559.477
24.722,5.7301,5.0012,-0.0257,0.3878,0.0914,1788739559.497
24.742,5.7379,5.0010,-0.0239,0.3900,0.0869,1788739559.517
24.762,5.7457,5.0008,-0.0222,0.3900,0.0869,1788739559.537
24.782,5.7535,5.0007,-0.0205,0.3900,0.0869,1788739559.557
24.802,5.7613,5.0005,-0.0187,0.3900,0.0869,1788739559.577
24.822,5.7691,5.0004,-0.0170,0.3900,0.0869,1788739559.597
24.842,5.7768,5.0003,-0.0158,0.3857,0.0605,1788739559.617
24.862,5.7846,5.0001,-0.0146,0.3857,0.0605,1788739559.637
24.882,5.7923,5.0000,-0.0133,0.3857,0.0605,1788739559.657
24.902,5.8000,4.9999,-0.0121,0.3857,0.0605,1788739559.677
24.922,5.8077,4.9999,-0.0109,0.3857,0.0605,1788739559.697
24.942,5.8154,4.9998,-0.0096,0.3849,0.0649,1788739559.717
24.962,5.8231,4.9997,-0.0083,0.3849,0.0649,1788739559.737
24.982,5.8308,4.9997,-0.0070,0.3849,0.0649,1788739559.757
25.002,5.8385,4.9996,-0.0057,0.3849,0.0649,1788739559.777
25.022,5.8462,4.9996,-0.0044,0.3849,0.0649,1788739559.797
25.042,5.8539,4.9996,-0.0038,0.3860,0.0328,1788739559.817
25.062,5.8616,4.9995,-0.0031,0.3860,0.0328,1788739559.837
25.082,5.8694,4.9995,-0.0025,0.3860,0.0328,1788739559.857
25.102,5.8771,4.9995,-0.0018,0.3860,0.0328,1788739559.877
25.123,5.8848,4.9995,-0.0012,0.3860,0.0328,1788739559.897
25.142,5.8926,4.9995,-0.0003,0.3909,0.0444,1788739559.917
25.162,5.9004,4.9995,0.0006,0.3909,0.0444,1788739559.937
25.182,5.9082,4.9995,0.0015,0.3909,0.0444,1788739559.957
25.202,5.9161,4.9995,0.0024,0.3909,0.0444,1788739559.977
25.222,5.9239,4.9996,0.0033,0.3909,0.0444,1788739559.997
25.242,5.9315,4.9996,0.0042,0.3835,0.0454,1788739560.017
25.262,5.9392,4.9996,0.0051,0.3835,0.0454,1788739560.037
25.282,5.9469,4.9997,0.0060,0.3835,0.0454,1788739560.057
25.302,5.9546,4.9997,0.0069,0.3835,0.0454,1788739560.077
25.322,5.9622,4.9998,0.0078,0.3835,0.0454,1788739560.097
25.342,5.9699,4.9998,0.0083,0.3828,0.0224,1788739560.117
25.362,5.9775,4.9999,0.0087,0.3828,0.0224,1788739560.137
25.382,5.9852,5.0000,0.0092,0.3828,0.0224,1788739560.157
25.402,5.9928,5.0001,0.0096,0.3828,0.0224,1788739560.177
25.422,6.0005,5.0001,0.0101,0.3828,0.0224,1788739560.197
25.442,6.0083,5.0002,0.0098,0.3873,-0.0116,1788739560.217
25.462,6.0160,5.0003,0.0096,0.3873,-0.0116,1788739560.237
25.482,6.0237,5.0004,0.0094,0.3873,-0.0116,1788739560.257
25.502,6.0315,5.0004,0.0091,0.3873,-0.0116,1788739560.277
25.522,6.0392,5.0005,0.0089,0.3873,-0.0116,1788739560.297
25.542,6.0470,5.0006,0.0082,0.3864,-0.0367,1788739560.317
25.562,6.0547,5.0006,0.0074,0.3864,-0.0367,1788739560.337
25.582,6.0624,5.0007,0.0067,0.3864,-0.0367,1788739560.357
25.602,6.0701,5.0007,0.0060,0.3864,-0.0367,1788739560.377
25.622,6.0779,5.0008,0.0052,0.3864,-0.0367,1788739560.397
25.642,6.0855,5.0008,0.0049,0.3827,-0.0155,1788739560.417
25.662,6.0932,5.0008,0.0046,0.3827,-0.0155,1788739560.437
25.682,6.1008,5.0009,0.0043,0.3827,-0.0155,1788739560.457
25.702,6.1085,5.0009,0.0040,0.3827,-0.0155,1788739560.477
25.722,6.1162,5.0009,0.0037,0.3827,-0.0155,1788739560.497
25.742,6.1238,5.0009,0.0034,0.3845,-0.0133,1788739560.517
25.763,6.1315,5.0010,0.0031,0.3845,-0.0133,1788739560.537
25.782,6.1392,5.0010,0.0029,0.3845,-0.0133,1788739560.557
25.802,6.1469,5.0010,0.0026,0.3845,-0.0133,1788739560.577
25.822,6.1546,5.0010,0.0024,0.3845,-0.0133,1788739560.597
25.842,6.1624,5.0010,0.0019,0.3880,-0.0205,1788739560.617
25.862,6.1701,5.0011,0.0015,0.3880,-0.0205,1788739560.637
25.882,6.1779,5.0011,0.0011,0.3880,-0.0205,1788739560.657
25.902,6.1856,5.0011,0.0007,0.3880,-0.0205,1788739560.677
25.922,6.1934,5.0011,0.0003,0.3880,-0.0205,1788739560.697
25.942,6.2013,5.0011,0.0010,0.3932,0.0333,1788739560.717
25.962,6.2091,5.0011,0.0016,0.3932,0.0333,1788739560.737
25.982,6.2170,5.0011,0.0023,0.3932,0.0333,1788739560.757
26.003,6.2249,5.0011,0.0030,0.3932,0.0333,1788739560.777
26.022,6.2327,5.0012,0.0036,0.3932,0.0333,1788739560.797
26.042,6.2405,5.0012,0.0044,0.3887,0.0362,1788739560.817
26.062,6.2483,5.0012,0.0051,0.3887,0.0362,1788739560.837
26.082,6.2560,5.0013,0.0058,0.3887,0.0362,1788739560.857
26.102,6.2638,5.0013,0.0065,0.3887,0.0362,1788739560.877
26.122,6.2716,5.0014,0.0073,0.3887,0.0362,1788739560.897
26.142,6.2793,5.0015,0.0080,0.3870,0.0383,1788739560.917
26.162,6.2871,5.0015,0.0088,0.3870,0.0383,1788739560.937
26.182,6.2948,5.0016,0.0096,0.3870,0.0383,1788739560.957
26.202,6.3025,5.0017,0.0103,0.3870,0.0383,1788739560.977
26.222,6.3103,5.0018,0.0111,0.3870,0.0383,1788739560.997
26.243,6.3179,5.0019,0.0120,0.3808,0.0472,1788739561.017
26.262,6.3255,5.0019,0.0130,0.3808,0.0472,1788739561.037
26.282,6.3331,5.0021,0.0139,0.3808,0.0472,1788739561.057
26.302,6.3407,5.0022,0.0149,0.3808,0.0472,1788739561.077
26.322,6.3484,5.0023,0.0158,0.3808,0.0472,1788739561.097
26.342,6.3562,5.0024,0.0161,0.3925,0.0145,1788739561.117
26.362,6.3641,5.0025,0.0164,0.3925,0.0145,1788739561.137
26.382,6.3719,5.0027,0.0167,0.3925,0.0145,1788739561.157
26.402,6.3798,5.0028,0.0170,0.3925,0.0145,1788739561.177
26.422,6.3876,5.0029,0.0173,0.3925,0.0145,1788739561.197
26.442,6.3955,5.0031,0.0182,0.3933,0.0480,1788739561.217
26.462,6.4033,5.0032,0.0192,0.3933,0.0480,1788739561.237
26.482,6.4112,5.0034,0.0201,0.3933,0.0480,1788739561.257
26.502,6.4191,5.0036,0.0211,0.3933,0.0480,1788739561.277
26.522,6.4269,5.0037,0.0221,0.3933,0.0480,1788739561.297
26.542,6.4346,5.0039,0.0237,0.3836,0.0824,1788739561.317
26.562,6.4423,5.0041,0.0254,0.3836,0.0824,1788739561.337
26.582,6.4499,5.0043,0.0270,0.3836,0.0824,1788739561.357
26.602,6.4576,5.0045,0.0287,0.3836,0.0824,1788739561.377
26.622,6.4653,5.0048,0.0303,0.3836,0.0824,1788739561.397
26.642,6.4731,5.0050,0.0313,0.3908,0.0521,1788739561.417
26.662,6.4809,5.0053,0.0324,0.3908,0.0521,1788739561.437
26.682,6.4887,5.0055,0.0334,0.3908,0.0521,1788739561.457
26.702,6.4965,5.0058,0.0345,0.3908,0.0521,1788739561.477
26.722,6.5043,5.0061,0.0355,0.3908,0.0521,1788739561.497
26.742,6.5121,5.0064,0.0362,0.3893,0.0359,1788739561.517
26.762,6.5199,5.0066,0.0369,0.3893,0.0359,1788739561.537
26.782,6.5277,5.0069,0.0377,0.3893,0.0359,1788739561.557
26.802,6.5354,5.0072,0.0384,0.3893,0.0359,1788739561.577
26.822,6.5432,5.0075,0.0391,0.3893,0.0359,1788739561.597
26.842,6.5510,5.0078,0.0387,0.3882,-0.0199,1788739561.617
26.862,6.5587,5.0081,0.0383,0.3882,-0.0199,1788739561.637
26.882,6.5665,5.0084,0.0379,0.3882,-0.0199,1788739561.657
26.902,6.5743,5.0087,0.0375,0.3882,-0.0199,1788739561.677
26.922,6.5820,5.0090,0.0371,0.3882,-0.0199,1788739561.697
26.942,6.5897,5.0093,0.0363,0.3854,-0.0403,1788739561.717
26.962,6.5974,5.0096,0.0355,0.3854,-0.0403,1788739561.737
26.982,6.6051,5.0098,0.0347,0.3854,-0.0403,1788739561.757
27.002,6.6128,5.0101,0.0339,0.3854,-0.0403,1788739561.777
27.022,6.6205,5.0104,0.0331,0.3854,-0.0403,1788739561.797
27.042,6.6283,5.0106,0.0319,0.3887,-0.0574,1788739561.817
27.062,6.6361,5.0108,0.0308,0.3887,-0.0574,1788739561.837
27.082,6.6438,5.0111,0.0296,0.3887,-0.0574,1788739561.857
27.102,6.6516,5.0113,0.0285,0.3887,-0.0574,1788739561.877
27.122,6.6594,5.0115,0.0273,0.3887,-0.0574,1788739561.897
27.142,6.6672,5.0117,0.0257,0.3908,-0.0798,1788739561.917
27.162,6.6750,5.0119,0.0241,0.3908,-0.0798,1788739561.937
27.182,6.6828,5.0121,0.0226,0.3908,-0.0798,1788739561.957
27.202,6.6906,5.0122,0.0210,0.3908,-0.0798,1788739561.977
27.222,6.6985,5.0124,0.0194,0.3908,-0.0798,1788739561.997
27.242,6.7063,5.0125,0.0174,0.3944,-0.0957,1788739562.017
27.262,6.7142,5.0126,0.0155,0.3944,-0.0957,1788739562.037
27.282,6.7221,5.0128,0.0136,0.3944,-0.0957,1788739562.057
27.302,6.7300,5.0128,0.0117,0.3944,-0.0957,1788739562.077
27.322,6.7379,5.0129,0.0098,0.3944,-0.0957,1788739562.097
27.342,6.7457,5.0130,0.0078,0.3919,-0.0988,1788739562.117
27.362,6.7536,5.0130,0.0058,0.3919,-0.0988,1788739562.137
27.382,6.7614,5.0131,0.0039,0.3919,-0.0988,1788739562.157
27.402,6.7692,5.0131,0.0019,0.3919,-0.0988,1788739562.177
27.422,6.7771,5.0131,-0.0001,0.3919,-0.0988,1788739562.197
27.442,6.7848,5.0131,-0.0022,0.3853,-0.1055,1788739562.217
27.462,6.7925,5.0130,-0.0043,0.3853,-0.1055,1788739562.237
27.482,6.8002,5.0130,-0.0064,0.3853,-0.1055,1788739562.257
27.502,6.8079,5.0129,-0.0085,0.3853,-0.1055,1788739562.277
27.522,6.8156,5.0128,-0.0106,0.3853,-0.1055,1788739562.297
27.542,6.8235,5.0127,-0.0126,0.3921,-0.0982,1788739562.317
27.562,6.8313,5.0126,-0.0146,0.3921,-0.0982,1788739562.337
27.582,6.8391,5.0125,-0.0165,0.3921,-0.0982,1788739562.357
27.602,6.8470,5.0123,-0.0185,0.3921,-0.0982,1788739562.377
27.622,6.8548,5.0122,-0.0205,0.3921,-0.0982,1788739562.397
27.642,6.8626,5.0120,-0.0219,0.3904,-0.0701,1788739562.417
27.663,6.8704,5.0118,-0.0233,0.3904,-0.0701,1788739562.437
27.682,6.8782,5.0116,-0.0247,0.3904,-0.0701,1788739562.457
27.702,6.8860,5.0114,-0.0261,0.3904,-0.0701,1788739562.477
27.722,6.8938,5.0112,-0.0275,0.3904,-0.0701,1788739562.497
27.742,6.9016,5.0110,-0.0283,0.3886,-0.0435,1788739562.517
27.762,6.9094,5.0108,-0.0292,0.3886,-0.0435,1788739562.537
27.782,6.9171,5.0105,-0.0301,0.3886,-0.0435,1788739562.557
27.803,6.9249,5.0103,-0.0309,0.3886,-0.0435,1788739562.577
27.822,6.9327,5.0100,-0.0318,0.3886,-0.0435,1788739562.597
27.842,6.9403,5.0098,-0.0325,0.3832,-0.0332,1788739562.617
27.862,6.9480,5.0095,-0.0331,0.3832,-0.0332,1788739562.637
27.882,6.9557,5.0093,-0.0338,0.3832,-0.0332,1788739562.657
27.902,6.9633,5.0090,-0.0345,0.3832,-0.0332,1788739562.677
27.922,6.9710,5.0088,-0.0351,0.3832,-0.0332,1788739562.697
27.942,6.9788,5.0085,-0.0355,0.3891,-0.0160,1788739562.717
27.962,6.9865,5.0082,-0.0358,0.3891,-0.0160,1788739562.737
27.982,6.9943,5.0079,-0.0361,0.3891,-0.0160,1788739562.757
28.002,7.0021,5.0076,-0.0364,0.3891,-0.0160,1788739562.777
28.022,7.0099,5.0073,-0.0367,0.3891,-0.0160,1788739562.797
28.042,7.0176,5.0071,-0.0373,0.3877,-0.0269,1788739562.817
28.062,7.0254,5.0068,-0.0378,0.3877,-0.0269,1788739562.837
28.082,7.0331,5.0065,-0.0383,0.3877,-0.0269,1788739562.857
28.102,7.0409,5.0062,-0.0389,0.3877,-0.0269,1788739562.877
28.122,7.0486,5.0059,-0.0394,0.3877,-0.0269,1788739562.897
28.142,7.0565,5.0055,-0.0402,0.3941,-0.0410,1788739562.917
28.163,7.0644,5.0052,-0.0411,0.3941,-0.0410,1788739562.937
28.182,7.0722,5.0049,-0.0419,0.3941,-0.0410,1788739562.957
28.202,7.0801,5.0046,-0.0427,0.3941,-0.0410,1788739562.977
28.222,7.0880,5.0042,-0.0435,0.3941,-0.0410,1788739562.997
28.242,7.0957,5.0039,-0.0436,0.3855,-0.0049,1788739563.017
28.263,7.1034,5.0035,-0.0437,0.3855,-0.0049,1788739563.037
28.282,7.1111,5.0032,-0.0438,0.3855,-0.0049,1788739563.057
28.303,7.1188,5.0029,-0.0439,0.3855,-0.0049,1788739563.077
28.322,7.1265,5.0025,-0.0440,0.3855,-0.0049,1788739563.097
28.342,7.1342,5.0022,-0.0447,0.3883,-0.0332,1788739563.117
28.363,7.1420,5.0018,-0.0453,0.3883,-0.0332,1788739563.137
28.382,7.1498,5.0015,-0.0460,0.3883,-0.0332,1788739563.157
28.402,7.1575,5.0011,-0.0467,0.3883,-0.0332,1788739563.177
28.422,7.1653,5.0007,-0.0473,0.3883,-0.0332,1788739563.197
28.442,7.1729,5.0004,-0.0474,0.3830,-0.0022,1788739563.217
28.462,7.1806,5.0000,-0.0474,0.3830,-0.0022,1788739563.237
28.482,7.1882,4.9996,-0.0475,0.3830,-0.0022,1788739563.257
28.502,7.1959,4.9993,-0.0475,0.3830,-0.0022,1788739563.277
28.522,7.2035,4.9989,-0.0475,0.3830,-0.0022,1788739563.297
28.543,7.2112,4.9986,-0.0475,0.3854,0.0035,1788739563.317
28.562,7.2189,4.9982,-0.0474,0.3854,0.0035,1788739563.337
28.582,7.2266,4.9978,-0.0473,0.3854,0.0035,1788739563.357
28.602,7.2343,4.9975,-0.0473,0.3854,0.0035,1788739563.377
28.622,7.2420,4.9971,-0.0472,0.3854,0.0035,1788739563.397
28.642,7.2497,4.9967,-0.0472,0.3828,-0.0006,1788739563.417
28.662,7.2573,4.9964,-0.0472,0.3828,-0.0006,1788739563.437
28.682,7.2650,4.9960,-0.0472,0.3828,-0.0006,1788739563.457
28.702,7.2726,4.9957,-0.0472,0.3828,-0.0006,1788739563.477
28.722,7.2803,4.9953,-0.0473,0.3828,-0.0006,1788739563.497
28.742,7.2880,4.9949,-0.0460,0.3847,0.0636,1788739563.517
28.762,7.2956,4.9946,-0.0447,0.3847,0.0636,1788739563.537
28.782,7.3033,4.9943,-0.0434,0.3847,0.0636,1788739563.557
28.802,7.3110,4.9939,-0.0422,0.3847,0.0636,1788739563.577
28.822,7.3187,4.9936,-0.0409,0.3847,0.0636,1788739563.597
28.842,7.3265,4.9933,-0.0393,0.3880,0.0793,1788739563.617
28.862,7.3342,4.9930,-0.0377,0.3880,0.0793,1788739563.637
28.883,7.3420,4.9927,-0.0361,0.3880,0.0793,1788739563.657
28.903,7.3497,4.9925,-0.0345,0.3880,0.0793,1788739563.677
28.922,7.3575,4.9922,-0.0330,0.3880,0.0793,1788739563.697
28.942,7.3652,4.9920,-0.0307,0.3875,0.1144,1788739563.717
28.962,7.3730,4.9918,-0.0284,0.3875,0.1144,1788739563.737
28.982,7.3807,4.9916,-0.0261,0.3875,0.1144,1788739563.757
29.002,7.3885,4.9914,-0.0238,0.3875,0.1144,1788739563.777
29.022,7.3962,4.9912,-0.0215,0.3875,0.1144,1788739563.797
29.042,7.4040,4.9911,-0.0178,0.3887,0.1865,1788739563.817
29.062,7.4118,4.9910,-0.0141,0.3887,0.1865,1788739563.837
29.082,7.4195,4.9909,-0.0103,0.3887,0.1865,1788739563.857
29.102,7.4273,4.9908,-0.0066,0.3887,0.1865,1788739563.877
29.122,7.4351,4.9908,-0.0029,0.3887,0.1865,1788739563.897
29.142,7.4429,4.9908,0.0003,0.3898,0.1573,1788739563.917
29.162,7.4507,4.9908,0.0034,0.3898,0.1573,1788739563.937
29.182,7.4585,4.9909,0.0066,0.3898,0.1573,1788739563.957
29.202,7.4663,4.9910,0.0097,0.3898,0.1573,1788739563.977
29.222,7.4741,4.9911,0.0129,0.3898,0.1573,1788739563.997
29.242,7.4817,4.9912,0.0157,0.3840,0.1436,1788739564.017
29.262,7.4894,4.9913,0.0186,0.3840,0.1436,1788739564.037
29.282,7.4971,4.9915,0.0215,0.3840,0.1436,1788739564.057
29.302,7.5048,4.9917,0.0243,0.3840,0.1436,1788739564.077
29.322,7.5125,4.9919,0.0272,0.3840,0.1436,1788739564.097
29.342,7.5201,4.9921,0.0300,0.3835,0.1395,1788739564.117
29.362,7.5278,4.9924,0.0328,0.3835,0.1395,1788739564.137
29.382,7.5355,4.9926,0.0356,0.3835,0.1395,1788739564.157
29.402,7.5431,4.9929,0.0384,0.3835,0.1395,1788739564.177
29.422,7.5508,4.9932,0.0412,0.3835,0.1395,1788739564.197
29.442,7.5583,4.9936,0.0432,0.3785,0.1000,1788739564.217
29.462,7.5659,4.9939,0.0452,0.3785,0.1000,1788739564.237
29.482,7.5735,4.9943,0.0472,0.3785,0.1000,1788739564.257
29.502,7.5810,4.9946,0.0492,0.3785,0.1000,1788739564.277
29.522,7.5886,4.9950,0.0512,0.3785,0.1000,1788739564.297
29.542,7.5962,4.9954,0.0519,0.3790,0.0366,1788739564.317
29.562,7.6037,4.9958,0.0526,0.3790,0.0366,1788739564.337
29.582,7.6113,4.9962,0.0534,0.3790,0.0366,1788739564.357
29.602,7.6189,4.9966,0.0541,0.3790,0.0366,1788739564.377
29.622,7.6264,4.9971,0.0548,0.3790,0.0366,1788739564.397
29.642,7.6339,4.9975,0.0547,0.3740,-0.0085,1788739564.417
29.662,7.6414,4.9979,0.0545,0.3740,-0.0085,1788739564.437
29.682,7.6488,4.9983,0.0543,0.3740,-0.0085,1788739564.457
29.702,7.6563,4.9987,0.0542,0.3740,-0.0085,1788739564.477
29.722,7.6638,4.9991,0.0540,0.3740,-0.0085,1788739564.497
29.742,7.6713,4.9995,0.0528,0.3755,-0.0588,1788739564.517
29.762,7.6788,4.9999,0.0516,0.3755,-0.0588,1788739564.537
29.782,7.6863,5.0002,0.0505,0.3755,-0.0588,1788739564.557
29.802,7.6938,5.0006,0.0493,0.3755,-0.0588,1788739564.577
29.822,7.7013,5.0010,0.0481,0.3755,-0.0588,1788739564.597
29.842,7.7086,5.0013,0.0460,0.3687,-0.1076,1788739564.617
29.862,7.7160,5.0016,0.0438,0.3687,-0.1076,1788739564.637
29.883,7.7234,5.0019,0.0417,0.3687,-0.1076,1788739564.657
29.902,7.7307,5.0022,0.0395,0.3687,-0.1076,1788739564.677
29.922,7.7381,5.0025,0.0374,0.3687,-0.1076,1788739564.697
29.942,7.7453,5.0028,0.0345,0.3597,-0.1426,1788739564.717
29.962,7.7525,5.0030,0.0316,0.3597,-0.1426,1788739564.737
29.982,7.7597,5.0032,0.0288,0.3597,-0.1426,1788739564.757
30.002,7.7669,5.0034,0.0259,0.3597,-0.1426,1788739564.777
30.022,7.7741,5.0036,0.0231,0.3597,-0.1426,1788739564.797
30.042,7.7813,5.0037,0.0198,0.3632,-0.1660,1788739564.817
30.062,7.7886,5.0038,0.0165,0.3632,-0.1660,1788739564.837
30.082,7.7959,5.0039,0.0131,0.3632,-0.1660,1788739564.857
30.102,7.8031,5.0040,0.0098,0.3632,-0.1660,1788739564.877
30.123,7.8104,5.0040,0.0065,0.3632,-0.1660,1788739564.897
30.142,7.8176,5.0041,0.0035,0.3620,-0.1507,1788739564.917
30.162,7.8249,5.0041,0.0005,0.3620,-0.1507,1788739564.937
30.182,7.8321,5.0040,-0.0025,0.3620,-0.1507,1788739564.957
30.202,7.8394,5.0040,-0.0056,0.3620,-0.1507,1788739564.977
30.222,7.8466,5.0039,-0.0086,0.3620,-0.1507,1788739564.997
30.242,7.8536,5.0039,-0.0112,0.3503,-0.1331,1788739565.017
30.262,7.8606,5.0038,-0.0139,0.3503,-0.1331,1788739565.037
30.282,7.8676,5.0036,-0.0166,0.3503,-0.1331,1788739565.057
30.302,7.8746,5.0035,-0.0192,0.3503,-0.1331,1788739565.077
30.322,7.8816,5.0034,-0.0219,0.3503,-0.1331,1788739565.097
30.342,7.8886,5.0032,-0.0243,0.3474,-0.1195,1788739565.117
30.362,7.8955,5.0030,-0.0267,0.3474,-0.1195,1788739565.137
30.382,7.9025,5.0028,-0.0291,0.3474,-0.1195,1788739565.157
30.402,7.9094,5.0026,-0.0314,0.3474,-0.1195,1788739565.177
30.422,7.9163,5.0023,-0.0338,0.3474,-0.1195,1788739565.197
30.442,7.9233,5.0021,-0.0355,0.3474,-0.0840,1788739565.217
30.462,7.9302,5.0018,-0.0372,0.3474,-0.0840,1788739565.237
30.482,7.9372,5.0016,-0.0389,0.3474,-0.0840,1788739565.257
30.502,7.9441,5.0013,-0.0406,0.3474,-0.0840,1788739565.277
30.522,7.9511,5.0010,-0.0422,0.3474,-0.0840,1788739565.297
30.543,7.9576,5.0007,-0.0429,0.3265,-0.0345,1788739565.317
30.562,7.9641,5.0004,-0.0436,0.3265,-0.0345,1788739565.337
30.582,7.9706,5.0001,-0.0443,0.3265,-0.0345,1788739565.357
30.603,7.9772,4.9998,-0.0450,0.3265,-0.0345,1788739565.377
30.622,7.9837,4.9996,-0.0457,0.3265,-0.0345,1788739565.397
30.642,7.9903,4.9993,-0.0450,0.3311,0.0332,1788739565.417
30.662,7.9969,4.9990,-0.0444,0.3311,0.0332,1788739565.437
30.682,8.0035,4.9987,-0.0437,0.3311,0.0332,1788739565.457
30.702,8.0101,4.9984,-0.0430,0.3311,0.0332,1788739565.477
30.722,8.0168,4.9981,-0.0424,0.3311,0.0332,1788739565.497
30.742,8.0232,4.9978,-0.0408,0.3246,0.0762,1788739565.517
30.762,8.0297,4.9976,-0.0393,0.3246,0.0762,1788739565.537
30.782,8.0362,4.9973,-0.0378,0.3246,0.0762,1788739565.557
30.802,8.0427,4.9971,-0.0363,0.3246,0.0762,1788739565.577
30.822,8.0492,4.9969,-0.0347,0.3246,0.0762,1788739565.597
30.842,8.0556,4.9967,-0.0330,0.3218,0.0888,1788739565.617
30.862,8.0620,4.9965,-0.0312,0.3218,0.0888,1788739565.637
30.883,8.0685,4.9963,-0.0294,0.3218,0.0888,1788739565.657
30.902,8.0749,4.9961,-0.0276,0.3218,0.0888,1788739565.677
30.923,8.0814,4.9959,-0.0259,0.3218,0.0888,1788739565.697
30.942,8.0878,4.9958,-0.0241,0.3209,0.0860,1788739565.717
30.962,8.0942,4.9956,-0.0224,0.3209,0.0860,1788739565.737
30.982,8.1006,4.9955,-0.0207,0.3209,0.0860,1788739565.757
31.002,8.1070,4.9954,-0.0190,0.3209,0.0860,1788739565.777
31.022,8.1134,4.9953,-0.0173,0.3209,0.0860,1788739565.797
31.042,8.1197,4.9952,-0.0156,0.3150,0.0813,1788739565.817
31.062,8.1260,4.9951,-0.0140,0.3150,0.0813,1788739565.837
31.082,8.1323,4.9950,-0.0124,0.3150,0.0813,1788739565.857
31.102,8.1386,4.9949,-0.0108,0.3150,0.0813,1788739565.877
31.123,8.1449,4.9949,-0.0091,0.3150,0.0813,1788739565.897
31.142,8.1511,4.9948,-0.0073,0.3089,0.0898,1788739565.917
31.162,8.1573,4.9948,-0.0055,0.3089,0.0898,1788739565.937
31.182,8.1635,4.9948,-0.0037,0.3089,0.0898,1788739565.957
31.202,8.1696,4.9948,-0.0020,0.3089,0.0898,1788739565.977
31.222,8.1758,4.9948,-0.0002,0.3089,0.0898,1788739565.997
31.242,8.1820,4.9948,0.0009,0.3073,0.0541,1788739566.017
31.262,8.1881,4.9948,0.0020,0.3073,0.0541,1788739566.037
31.282,8.1943,4.9948,0.0031,0.3073,0.0541,1788739566.057
31.302,8.2004,4.9948,0.0042,0.3073,0.0541,1788739566.077
31.322,8.2065,4.9949,0.0053,0.3073,0.0541,1788739566.097
31.342,8.2126,4.9949,0.0061,0.3033,0.0405,1788739566.117
31.363,8.2187,4.9949,0.0069,0.3033,0.0405,1788739566.137
31.382,8.2247,4.9950,0.0077,0.3033,0.0405,1788739566.157
31.402,8.2308,4.9950,0.0085,0.3033,0.0405,1788739566.177
31.422,8.2369,4.9951,0.0093,0.3033,0.0405,1788739566.197
31.442,8.2427,4.9951,0.0101,0.2932,0.0386,1788739566.217
31.462,8.2486,4.9952,0.0109,0.2932,0.0386,1788739566.237
31.482,8.2545,4.9953,0.0116,0.2932,0.0386,1788739566.257
31.502,8.2603,4.9954,0.0124,0.2932,0.0386,1788739566.277
31.522,8.2662,4.9954,0.0132,0.2932,0.0386,1788739566.297
31.542,8.2720,4.9955,0.0136,0.2901,0.0217,1788739566.317
31.562,8.2778,4.9956,0.0140,0.2901,0.0217,1788739566.337
31.582,8.2836,4.9957,0.0145,0.2901,0.0217,1788739566.357
31.603,8.2894,4.9958,0.0149,0.2901,0.0217,1788739566.377
31.622,8.2952,4.9959,0.0153,0.2901,0.0217,1788739566.397
31.643,8.3009,4.9959,0.0153,0.2869,-0.0001,1788739566.417
31.662,8.3067,4.9960,0.0153,0.2869,-0.0001,1788739566.437
31.682,8.3124,4.9961,0.0153,0.2869,-0.0001,1788739566.457
31.702,8.3181,4.9962,0.0153,0.2869,-0.0001,1788739566.477
31.722,8.3239,4.9963,0.0153,0.2869,-0.0001,1788739566.497
31.742,8.3295,4.9964,0.0150,0.2802,-0.0155,1788739566.517
31.762,8.3351,4.9965,0.0147,0.2802,-0.0155,1788739566.537
31.782,8.3407,4.9965,0.0144,0.2802,-0.0155,1788739566.557
31.802,8.3463,4.9966,0.0141,0.2802,-0.0155,1788739566.577
31.822,8.3519,4.9967,0.0138,0.2802,-0.0155,1788739566.597
31.842,8.3573,4.9968,0.0140,0.2722,0.0095,1788739566.617
31.862,8.3628,4.9968,0.0142,0.2722,0.0095,1788739566.637
31.882,8.3682,4.9969,0.0143,0.2722,0.0095,1788739566.657
31.903,8.3737,4.9970,0.0145,0.2722,0.0095,1788739566.677
31.922,8.3791,4.9971,0.0147,0.2722,0.0095,1788739566.697
31.942,8.3842,4.9972,0.0147,0.2560,0.0011,1788739566.717
31.962,8.3894,4.9972,0.0148,0.2560,0.0011,1788739566.737
31.982,8.3945,4.9973,0.0148,0.2560,0.0011,1788739566.757
32.002,8.3996,4.9974,0.0148,0.2560,0.0011,1788739566.777
32.022,8.4047,4.9975,0.0148,0.2560,0.0011,1788739566.797
32.042,8.4095,4.9975,0.0145,0.2406,-0.0161,1788739566.817
32.062,8.4143,4.9976,0.0142,0.2406,-0.0161,1788739566.837
32.082,8.4191,4.9977,0.0139,0.2406,-0.0161,1788739566.857
32.102,8.4240,4.9977,0.0135,0.2406,-0.0161,1788739566.877
32.122,8.4288,4.9978,0.0132,0.2406,-0.0161,1788739566.897
32.142,8.4334,4.9979,0.0127,0.2309,-0.0250,1788739566.917
32.162,8.4380,4.9979,0.0122,0.2309,-0.0250,1788739566.937
32.182,8.4426,4.9980,0.0117,0.2309,-0.0250,1788739566.957
32.202,8.4472,4.9980,0.0112,0.2309,-0.0250,1788739566.977
32.222,8.4519,4.9981,0.0107,0.2309,-0.0250,1788739566.997
32.242,8.4560,4.9981,0.0101,0.2051,-0.0287,1788739567.017
32.262,8.4601,4.9981,0.0096,0.2051,-0.0287,1788739567.037
32.282,8.4642,4.9982,0.0090,0.2051,-0.0287,1788739567.057
32.302,8.4683,4.9982,0.0084,0.2051,-0.0287,1788739567.077
32.322,8.4724,4.9983,0.0078,0.2051,-0.0287,1788739567.097
32.342,8.4758,4.9983,0.0073,0.1712,-0.0297,1788739567.117
32.362,8.4792,4.9983,0.0067,0.1712,-0.0297,1788739567.137
32.382,8.4826,4.9983,0.0061,0.1712,-0.0297,1788739567.157
32.402,8.4861,4.9983,0.0055,0.1712,-0.0297,1788739567.177
32.422,8.4895,4.9984,0.0049,0.1712,-0.0297,1788739567.197
32.442,8.4925,4.9984,0.0038,0.1504,-0.0531,1788739567.217
32.462,8.4955,4.9984,0.0028,0.1504,-0.0531,1788739567.237
32.482,8.4985,4.9984,0.0017,0.1504,-0.0531,1788739567.257
32.502,8.5015,4.9984,0.0006,0.1504,-0.0531,1788739567.277
32.522,8.5045,4.9984,-0.0004,0.1504,-0.0531,1788739567.297
32.542,8.5072,4.9984,-0.0010,0.1325,-0.0269,1788739567.317
32.562,8.5098,4.9984,-0.0015,0.1325,-0.0269,1788739567.337
32.582,8.5125,4.9984,-0.0020,0.1325,-0.0269,1788739567.357
32.603,8.5151,4.9984,-0.0026,0.1325,-0.0269,1788739567.377
32.622,8.5178,4.9984,-0.0031,0.1325,-0.0269,1788739567.397
32.642,8.5200,4.9983,-0.0039,0.1113,-0.0393,1788739567.417
32.662,8.5222,4.9983,-0.0047,0.1113,-0.0393,1788739567.437
32.682,8.5245,4.9983,-0.0055,0.1113,-0.0393,1788739567.457
32.702,8.5267,4.9983,-0.0063,0.1113,-0.0393,1788739567.477
32.722,8.5289,4.9983,-0.0070,0.1113,-0.0393,1788739567.497
32.742,8.5308,4.9983,-0.0069,0.0943,0.0054,1788739567.517
32.762,8.5327,4.9983,-0.0068,0.0943,0.0054,1788739567.537
32.782,8.5346,4.9983,-0.0067,0.0943,0.0054,1788739567.557
32.802,8.5365,4.9982,-0.0066,0.0943,0.0054,1788739567.577
32.822,8.5383,4.9982,-0.0065,0.0943,0.0054,1788739567.597
32.842,8.5400,4.9982,-0.0060,0.0828,0.0246,1788739567.617
32.862,8.5417,4.9982,-0.0055,0.0828,0.0246,1788739567.637
32.882,8.5433,4.9982,-0.0050,0.0828,0.0246,1788739567.657
32.902,8.5450,4.9982,-0.0045,0.0828,0.0246,1788739567.677
32.922,8.5466,4.9982,-0.0040,0.0828,0.0246,1788739567.697
32.943,8.5480,4.9982,-0.0038,0.0705,0.0116,1788739567.717
32.962,8.5494,4.9982,-0.0036,0.0705,0.0116,1788739567.737
32.982,8.5509,4.9982,-0.0033,0.0705,0.0116,1788739567.757
33.003,8.5523,4.9982,-0.0031,0.0705,0.0116,1788739567.777
33.022,8.5537,4.9982,-0.0029,0.0705,0.0116,1788739567.797
33.042,8.5537,4.9982,-0.0029,0.0000,0.0000,1788739567.817
33.062,8.5537,4.9982,-0.0029,0.0000,0.0000,1788739567.837
33.082,8.5537,4.9982,-0.0029,0.0000,0.0000,1788739567.857
33.102,8.5537,4.9982,-0.0029,0.0000,0.0000,1788739567.877
33.122,8.5537,4.9982,-0.0029,0.0000,0.0000,1788739567.897
