bag,course,controller,success,collision,goal_err,ttg,rot_s,path_len,cruise,cruise_p90,min_clear,accel_rms,rms_dv,cmd_jitter,cmd_out_jitter,stall_frac,duration
corridor__dwb__t1,corridor,dwb,True,False,0.3,31.09,7.02,9.29,0.332,0.38,0.638,1.4566,0.0156,0.04853,0.01073,0.1784,52.89
corridor__dwb__t10,corridor,dwb,True,False,0.304,29.06,6.33,9.28,0.353,0.385,0.689,1.3209,0.013,0.04089,0.01011,0.0116,44.07
corridor__dwb__t11,corridor,dwb,True,False,0.3,30.58,6.33,9.37,0.347,0.385,0.63,1.3562,0.0168,0.05404,0.01015,0.0062,44.28
corridor__dwb__t12,corridor,dwb,True,False,0.255,30.56,6.73,9.26,0.343,0.385,0.632,1.2457,0.0154,0.0482,0.0102,0.0088,47.36
corridor__dwb__t13,corridor,dwb,True,False,0.304,30.47,6.21,9.25,0.342,0.384,0.638,1.4986,0.0172,0.05409,0.01031,0.0088,49.46
corridor__dwb__t14,corridor,dwb,True,False,0.3,31.58,7.01,9.25,0.329,0.379,0.64,1.4253,0.0144,0.04499,0.01035,0.007,42.85
corridor__dwb__t15,corridor,dwb,True,False,0.304,29.67,7.02,9.27,0.35,0.388,0.611,1.5993,0.0157,0.04917,0.01011,0.0103,50.88
corridor__dwb__t16,corridor,dwb,True,False,0.304,31.37,6.13,9.29,0.342,0.383,0.624,1.5159,0.0132,0.04268,0.01013,0.0079,44.41
corridor__dwb__t17,corridor,dwb,True,False,0.304,30.49,6.01,9.27,0.344,0.385,0.626,1.4084,0.0161,0.05117,0.01061,0.0065,65.96
corridor__dwb__t18,corridor,dwb,True,False,0.25,31.08,6.31,9.27,0.338,0.382,0.627,1.3886,0.0159,0.04992,0.01048,0.0093,48.64
corridor__dwb__t19,corridor,dwb,True,False,0.35,31.89,6.21,9.26,0.326,0.378,0.629,1.3023,0.0145,0.04563,0.01016,0.0084,44.04
corridor__dwb__t2,corridor,dwb,True,False,0.255,29.19,6.92,9.31,0.349,0.384,0.706,1.2563,0.016,0.05008,0.0106,0.0058,48.04
corridor__dwb__t20,corridor,dwb,True,False,0.25,30.08,6.1,9.27,0.35,0.387,0.629,1.4138,0.0145,0.0461,0.01008,0.0086,42.71
corridor__dwb__t21,corridor,dwb,True,False,0.255,29.38,5.81,9.25,0.35,0.388,0.657,1.4602,0.0144,0.04543,0.01022,0.0088,43.69
corridor__dwb__t22,corridor,dwb,True,False,0.3,29.97,6.03,9.26,0.347,0.387,0.629,1.6288,0.0129,0.0415,0.0103,0.0099,42.43
corridor__dwb__t23,corridor,dwb,True,False,0.3,30.38,6.21,9.27,0.343,0.385,0.634,1.4427,0.0149,0.04861,0.01018,0.0082,44.51
corridor__dwb__t24,corridor,dwb,True,False,0.3,31.46,5.93,9.26,0.319,0.377,0.685,1.4253,0.017,0.05375,0.01067,0.0095,41.96
corridor__dwb__t25,corridor,dwb,True,False,0.25,31.37,6.83,9.23,0.322,0.38,0.628,1.4636,0.0148,0.0465,0.01047,0.0076,44.42
corridor__dwb__t26,corridor,dwb,True,False,0.304,30.87,7.03,9.26,0.332,0.381,0.651,1.3635,0.0183,0.0575,0.01047,0.0071,42.65
corridor__dwb__t27,corridor,dwb,True,False,0.3,29.98,6.31,9.25,0.347,0.387,0.637,1.5122,0.0128,0.04081,0.0101,0.0086,41.97
corridor__dwb__t28,corridor,dwb,True,False,0.304,30.87,5.9,9.26,0.341,0.383,0.636,1.4206,0.0163,0.05158,0.01033,0.009,43.9
corridor__dwb__t29,corridor,dwb,True,False,0.304,30.19,6.32,9.3,0.346,0.381,0.636,1.4037,0.0152,0.04746,0.01026,0.1654,45.6
corridor__dwb__t3,corridor,dwb,True,False,0.354,29.58,6.32,9.27,0.346,0.38,0.604,1.376,0.0148,0.04821,0.01066,0.0098,45.66
corridor__dwb__t30,corridor,dwb,True,False,0.304,30.27,6.31,9.26,0.341,0.379,0.65,1.4136,0.0178,0.05738,0.01046,0.0082,42.2
corridor__dwb__t4,corridor,dwb,False,False,7.301,49.88,6.31,13.74,0.338,0.381,0.375,1.2663,0.0184,0.05715,0.01089,0.1103,63.34
corridor__dwb__t5,corridor,dwb,True,False,0.255,29.39,5.91,9.27,0.349,0.382,0.61,1.2464,0.0149,0.04746,0.01043,0.0095,47.55
corridor__dwb__t6,corridor,dwb,True,False,0.304,29.18,6.32,9.27,0.351,0.386,0.628,1.2646,0.0151,0.04838,0.01048,0.0095,72.49
corridor__dwb__t7,corridor,dwb,True,False,0.255,30.97,6.22,9.26,0.34,0.376,0.636,1.2185,0.0163,0.05139,0.01042,0.1579,44.39
corridor__dwb__t8,corridor,dwb,True,False,0.255,30.07,6.02,9.25,0.343,0.381,0.636,1.2082,0.016,0.0514,0.0105,0.0106,42.7
corridor__dwb__t9,corridor,dwb,True,False,0.304,30.28,6.11,9.24,0.337,0.375,0.603,1.2572,0.0191,0.06096,0.01067,0.0099,43.18
corridor__mppi__t1,corridor,mppi,True,False,0.403,24.47,6.11,9.29,0.393,0.415,0.64,1.6073,0.0047,0.00824,0.00431,0.012,41.28
corridor__mppi__t10,corridor,mppi,True,False,0.304,24.75,7.53,9.44,0.393,0.414,0.612,1.7054,0.0123,0.00848,0.00477,0.2236,44.62
corridor__mppi__t11,corridor,mppi,True,False,0.403,25.38,0.0,9.54,0.393,0.413,0.611,1.5812,0.0043,0.00711,0.00417,0.0089,34.45
corridor__mppi__t12,corridor,mppi,True,False,0.25,24.69,6.31,9.41,0.393,0.412,0.611,1.4891,0.0049,0.00877,0.00428,0.0095,37.72
corridor__mppi__t13,corridor,mppi,True,False,0.206,24.66,6.31,9.35,0.392,0.409,0.644,1.515,0.0047,0.00882,0.00416,0.0123,35.94
corridor__mppi__t14,corridor,mppi,True,False,0.255,24.68,7.52,9.33,0.393,0.413,0.653,1.6599,0.0043,0.00815,0.00422,0.01,39.99
corridor__mppi__t15,corridor,mppi,True,False,0.255,24.8,6.31,9.36,0.392,0.412,0.689,1.7717,0.0043,0.00919,0.00419,0.0103,38.51
corridor__mppi__t16,corridor,mppi,True,False,0.502,25.11,2.6,9.55,0.393,0.411,0.679,1.9999,0.0047,0.00843,0.00421,0.0105,37.49
corridor__mppi__t17,corridor,mppi,True,False,0.45,24.88,6.01,9.38,0.392,0.41,0.633,1.6166,0.0042,0.00763,0.00417,0.0111,37.05
corridor__mppi__t18,corridor,mppi,True,False,0.403,24.49,7.12,9.37,0.393,0.414,0.347,2.1922,0.0051,0.00846,0.00433,0.0102,43.17
corridor__mppi__t19,corridor,mppi,True,False,0.25,24.57,7.43,9.43,0.393,0.411,0.663,1.4965,0.005,0.00854,0.00428,0.0096,46.73
corridor__mppi__t2,corridor,mppi,True,False,0.255,24.78,6.23,9.42,0.394,0.425,0.688,3.8061,0.0049,0.00871,0.00443,0.0079,38.06
corridor__mppi__t20,corridor,mppi,True,False,0.453,24.49,6.32,9.36,0.393,0.413,0.678,1.7021,0.005,0.00895,0.00427,0.0116,36.85
corridor__mppi__t21,corridor,mppi,True,False,0.502,24.78,6.12,9.38,0.392,0.411,0.646,1.5766,0.0046,0.00762,0.00423,0.0099,36.22
corridor__mppi__t22,corridor,mppi,True,False,0.354,26.97,7.52,9.43,0.391,0.41,0.634,1.5475,0.0087,0.01486,0.00593,0.0428,40.8
corridor__mppi__t23,corridor,mppi,True,False,0.255,24.68,7.43,9.38,0.393,0.412,0.627,1.6181,0.0046,0.00923,0.00429,0.01,40.72
corridor__mppi__t24,corridor,mppi,True,False,0.3,24.68,6.62,9.36,0.393,0.409,0.553,1.4354,0.0048,0.00951,0.00429,0.0088,40.26
corridor__mppi__t25,corridor,mppi,True,False,0.25,25.19,6.92,9.39,0.387,0.406,0.689,1.6461,0.004,0.0067,0.00418,0.0106,39.54
corridor__mppi__t26,corridor,mppi,True,False,0.304,24.87,7.33,9.36,0.392,0.41,0.671,1.5918,0.0038,0.00794,0.00424,0.0128,37.19
corridor__mppi__t27,corridor,mppi,True,False,0.3,24.78,6.43,9.38,0.393,0.411,0.689,1.4721,0.0041,0.00808,0.0042,0.0469,37.9
corridor__mppi__t28,corridor,mppi,True,False,0.4,24.57,6.13,9.38,0.393,0.411,0.616,1.4566,0.005,0.00907,0.00432,0.0132,39.91
corridor__mppi__t29,corridor,mppi,True,False,0.403,24.7,6.01,9.37,0.392,0.41,0.664,1.5559,0.0046,0.00791,0.00421,0.0115,35.3
corridor__mppi__t3,corridor,mppi,True,False,0.354,24.87,7.52,9.39,0.393,0.414,0.676,1.9052,0.012,0.00774,0.00496,0.2229,44.34
corridor__mppi__t30,corridor,mppi,True,False,0.453,24.68,6.12,9.37,0.393,0.409,0.678,3.1875,0.0048,0.00877,0.00423,0.0072,43.43
corridor__mppi__t4,corridor,mppi,True,False,0.255,24.8,7.22,9.39,0.393,0.413,0.686,1.5948,0.0047,0.00883,0.00456,0.0099,44.45
corridor__mppi__t5,corridor,mppi,True,False,0.304,24.62,7.59,9.37,0.393,0.411,0.629,1.5392,0.0123,0.01007,0.00457,0.0131,40.75
corridor__mppi__t6,corridor,mppi,True,False,0.453,24.6,7.31,9.35,0.393,0.413,0.643,1.6778,0.0047,0.01104,0.00434,0.2181,39.88
corridor__mppi__t7,corridor,mppi,True,False,0.255,24.6,6.41,9.45,0.394,0.416,0.688,1.7539,0.0052,0.01044,0.00435,0.0099,43.17
corridor__mppi__t8,corridor,mppi,True,False,0.5,24.68,6.22,9.39,0.393,0.415,0.641,1.9178,0.0047,0.00828,0.00433,0.01,45.64
corridor__mppi__t9,corridor,mppi,True,False,0.502,24.6,7.31,9.4,0.393,0.412,0.689,1.4695,0.005,0.00794,0.00442,0.2212,40.39
corridor__comppi__t1,corridor,comppi,True,False,0.403,25.39,7.1,9.32,0.381,0.4,0.614,1.5093,0.0046,0.00706,0.00466,0.0085,54.42
corridor__comppi__t10,corridor,comppi,True,False,0.304,25.48,6.81,9.25,0.38,0.401,0.683,1.4926,0.0034,0.00721,0.00504,0.0093,40.66
corridor__comppi__t11,corridor,comppi,True,False,0.403,25.48,2.01,9.35,0.38,0.401,0.68,1.5229,0.0036,0.0069,0.00505,0.0116,42.3
corridor__comppi__t12,corridor,comppi,True,False,0.304,25.28,6.01,9.26,0.38,0.4,0.43,1.4402,0.004,0.00681,0.00471,0.0082,52.55
corridor__comppi__t13,corridor,comppi,True,False,0.304,25.48,6.91,9.25,0.38,0.401,0.672,1.5529,0.0038,0.00702,0.00485,0.0074,48.82
corridor__comppi__t14,corridor,comppi,True,False,0.25,25.88,0.0,9.45,0.381,0.398,0.667,1.4176,0.0041,0.00666,0.00505,0.0061,33.19
corridor__comppi__t15,corridor,comppi,True,False,0.4,25.57,6.32,9.16,0.38,0.402,0.62,1.7015,0.0031,0.00763,0.00512,0.0105,38.77
corridor__comppi__t16,corridor,comppi,True,False,0.354,25.27,6.12,9.2,0.381,0.403,0.631,1.7559,0.0039,0.00723,0.00494,0.0113,35.59
corridor__comppi__t17,corridor,comppi,True,False,0.304,25.28,6.0,9.24,0.38,0.399,0.565,1.492,0.0037,0.00703,0.00487,0.009,38.82
corridor__comppi__t18,corridor,comppi,True,False,0.354,25.28,6.21,9.31,0.38,0.401,0.621,1.6094,0.0044,0.00739,0.00499,0.0082,39.73
corridor__comppi__t19,corridor,comppi,True,False,0.4,25.48,6.41,9.24,0.381,0.401,0.66,1.4913,0.0037,0.00684,0.00477,0.0097,38.03
corridor__comppi__t2,corridor,comppi,True,False,0.403,25.38,6.3,9.26,0.381,0.4,0.621,1.5786,0.0036,0.00703,0.00507,0.0094,38.82
corridor__comppi__t20,corridor,comppi,True,False,0.453,25.57,6.32,9.23,0.38,0.402,0.661,1.6147,0.0036,0.00721,0.00508,0.0113,35.97
corridor__comppi__t21,corridor,comppi,True,False,0.403,25.58,7.11,9.25,0.381,0.4,0.692,1.5327,0.0036,0.00674,0.00484,0.0105,40.7
corridor__comppi__t22,corridor,comppi,True,False,0.304,25.08,6.21,9.31,0.381,0.4,0.657,1.8182,0.0049,0.00701,0.00485,0.0105,40.21
corridor__comppi__t23,corridor,comppi,True,False,0.354,25.39,7.09,9.21,0.38,0.402,0.643,1.6344,0.0036,0.00717,0.00497,0.009,40.92
corridor__comppi__t24,corridor,comppi,True,False,0.403,25.37,6.22,9.28,0.381,0.399,0.682,1.319,0.0038,0.00733,0.00496,0.0097,37.66
corridor__comppi__t25,corridor,comppi,True,False,0.4,25.38,6.31,9.21,0.381,0.4,0.669,1.5727,0.0039,0.00739,0.00496,0.0132,43.2
corridor__comppi__t26,corridor,comppi,True,False,0.354,25.48,7.01,9.28,0.38,0.397,0.691,1.3869,0.0039,0.00706,0.00501,0.0105,41.58
corridor__comppi__t27,corridor,comppi,True,False,0.403,25.18,6.41,9.21,0.381,0.4,0.685,1.7378,0.0043,0.00698,0.00483,0.0102,41.09
corridor__comppi__t28,corridor,comppi,True,False,0.403,25.38,6.31,9.24,0.379,0.4,0.695,1.4031,0.0033,0.00746,0.00491,0.0105,36.87
corridor__comppi__t29,corridor,comppi,True,False,0.354,25.47,6.01,9.25,0.38,0.4,0.635,1.75,0.0033,0.00751,0.0049,0.009,39.6
corridor__comppi__t3,corridor,comppi,True,False,0.502,25.27,6.52,9.32,0.381,0.401,0.65,1.4854,0.0048,0.00719,0.00531,0.007,39.16
corridor__comppi__t30,corridor,comppi,True,False,0.403,25.36,6.43,9.28,0.381,0.403,0.662,1.6569,0.0036,0.00718,0.00491,0.0074,39.51
corridor__comppi__t4,corridor,comppi,True,False,0.255,25.38,6.61,9.27,0.381,0.4,0.664,1.4858,0.0037,0.00733,0.00503,0.0117,42.09
corridor__comppi__t5,corridor,comppi,True,False,0.403,25.58,6.01,9.4,0.381,0.399,0.61,2.3659,0.004,0.00756,0.00506,0.0104,39.4
corridor__comppi__t6,corridor,comppi,True,False,0.403,25.38,6.21,9.24,0.381,0.401,0.648,1.6522,0.0034,0.00724,0.00495,0.0133,43.43
corridor__comppi__t7,corridor,comppi,True,False,0.4,25.67,7.02,9.26,0.382,0.405,0.658,1.9596,0.0034,0.00672,0.00481,0.0122,38.48
corridor__comppi__t8,corridor,comppi,True,False,0.403,25.37,7.22,9.28,0.38,0.4,0.621,1.6472,0.0041,0.0071,0.00492,0.012,40.85
corridor__comppi__t9,corridor,comppi,True,False,0.35,25.38,6.21,9.25,0.381,0.398,0.447,1.587,0.004,0.00754,0.00511,0.0086,38.79
passage__dwb__t1,passage,dwb,True,False,0.25,32.88,6.42,9.27,0.338,0.383,0.292,1.2114,0.0148,0.04772,0.01022,0.0093,45.14
passage__dwb__t10,passage,dwb,True,False,0.304,34.18,6.32,9.26,0.309,0.379,0.289,1.3244,0.0166,0.05289,0.01023,0.0087,47.49
passage__dwb__t2,passage,dwb,True,False,0.304,32.48,6.32,9.26,0.334,0.386,0.315,1.1966,0.0175,0.05611,0.01016,0.0076,44.72
passage__dwb__t3,passage,dwb,True,False,0.3,32.38,6.11,9.27,0.33,0.383,0.317,1.2567,0.0195,0.06202,0.0103,0.0086,53.79
passage__dwb__t4,passage,dwb,True,False,0.25,32.38,6.0,9.27,0.338,0.386,0.304,1.5861,0.0172,0.05426,0.0105,0.0077,46.9
passage__dwb__t5,passage,dwb,True,False,0.304,32.28,6.42,9.29,0.332,0.381,0.312,1.2332,0.0175,0.05547,0.01042,0.0074,43.43
passage__dwb__t6,passage,dwb,True,False,0.3,32.28,4.41,9.3,0.33,0.383,0.308,1.6687,0.0207,0.06524,0.01108,0.0101,41.17
passage__dwb__t7,passage,dwb,True,False,0.304,32.56,5.91,9.23,0.325,0.383,0.315,1.3478,0.0189,0.05975,0.0104,0.0061,44.37
passage__dwb__t8,passage,dwb,True,False,0.3,38.49,0.19,9.41,0.328,0.378,0.304,1.2866,0.0209,0.0669,0.01055,0.1255,45.19
passage__dwb__t9,passage,dwb,True,False,0.25,34.17,6.03,9.34,0.322,0.38,0.305,1.473,0.0227,0.07169,0.01088,0.0055,47.1
passage__mppi__t1,passage,mppi,True,False,0.4,25.9,5.9,9.38,0.389,0.413,0.293,1.8066,0.0044,0.00807,0.00898,0.0095,41.87
passage__mppi__t10,passage,mppi,True,False,0.453,25.68,7.09,9.43,0.391,0.416,0.313,1.8189,0.0048,0.00975,0.00776,0.0088,44.55
passage__mppi__t2,passage,mppi,True,False,0.3,27.17,8.32,9.4,0.385,0.41,0.287,1.7354,0.0095,0.02088,0.00831,0.0162,40.78
passage__mppi__t3,passage,mppi,True,False,0.3,25.99,6.32,9.39,0.389,0.411,0.309,1.6447,0.005,0.01112,0.00997,0.0121,38.35
passage__mppi__t4,passage,mppi,True,False,0.453,25.78,7.21,9.36,0.389,0.416,0.301,2.4083,0.005,0.01088,0.00705,0.2049,39.39
passage__mppi__t5,passage,mppi,True,False,0.25,25.4,6.71,9.38,0.391,0.412,0.308,1.5893,0.005,0.01045,0.00629,0.0096,43.47
passage__mppi__t6,passage,mppi,True,False,0.304,26.09,6.52,9.45,0.388,0.413,0.268,1.624,0.0075,0.01761,0.00874,0.0109,61.98
passage__mppi__t7,passage,mppi,True,False,0.453,26.69,6.32,9.37,0.387,0.413,0.293,3.1336,0.0041,0.00802,0.00675,0.0107,42.41
passage__mppi__t8,passage,mppi,True,False,0.304,25.79,6.5,9.37,0.39,0.412,0.306,1.5202,0.0042,0.00842,0.00769,0.0103,41.13
passage__mppi__t9,passage,mppi,True,False,0.255,26.49,6.53,9.4,0.387,0.41,0.296,3.6789,0.0048,0.01017,0.00797,0.0106,38.15
passage__comppi__t1,passage,comppi,True,False,0.453,26.28,6.61,9.28,0.379,0.398,0.258,1.3812,0.0033,0.00779,0.00687,0.0079,49.9
passage__comppi__t10,passage,comppi,True,False,0.403,26.99,6.6,9.2,0.376,0.4,0.289,1.3905,0.0031,0.00709,0.00749,0.011,41.82
passage__comppi__t2,passage,comppi,True,False,0.25,26.88,7.31,9.25,0.376,0.399,0.289,1.3634,0.004,0.00713,0.00889,0.007,41.06
passage__comppi__t3,passage,comppi,True,False,0.4,26.26,6.43,9.25,0.377,0.399,0.259,1.5721,0.0041,0.00776,0.00644,0.0105,38.06
passage__comppi__t4,passage,comppi,True,False,0.354,26.18,6.31,9.22,0.379,0.4,0.272,1.4861,0.0038,0.00657,0.00649,0.011,36.58
passage__comppi__t5,passage,comppi,True,False,0.453,26.78,7.1,9.28,0.378,0.398,0.28,1.6458,0.0043,0.00711,0.00733,0.0095,39.05
passage__comppi__t6,passage,comppi,True,False,0.5,26.47,6.41,9.29,0.377,0.399,0.301,1.4208,0.004,0.00711,0.00814,0.0097,43.86
passage__comppi__t7,passage,comppi,True,False,0.25,26.48,4.61,9.19,0.377,0.4,0.285,1.7104,0.004,0.00719,0.00663,0.01,37.02
passage__comppi__t8,passage,comppi,True,False,0.3,26.97,6.21,9.23,0.377,0.4,0.291,1.9352,0.0036,0.00663,0.00766,0.007,38.31
passage__comppi__t9,passage,comppi,True,False,0.304,26.98,6.31,9.27,0.377,0.396,0.279,1.447,0.004,0.00736,0.00732,0.007,42.03
surprise__dwb__t1,surprise,dwb,True,False,0.35,34.07,6.01,9.5,0.329,0.384,0.293,1.332,0.0167,0.05299,0.01022,0.1438,47.91
surprise__dwb__t10,surprise,dwb,True,False,0.304,32.18,6.51,9.51,0.34,0.386,0.327,1.5158,0.0175,0.05549,0.01042,0.0077,49.37
surprise__dwb__t11,surprise,dwb,True,False,0.304,34.67,6.32,9.58,0.32,0.381,0.31,1.1472,0.0147,0.04732,0.01019,0.0072,51.01
surprise__dwb__t12,surprise,dwb,True,False,0.255,46.26,6.53,10.05,0.321,0.381,0.336,1.2221,0.0162,0.05121,0.01008,0.1906,81.67
surprise__dwb__t13,surprise,dwb,True,False,0.304,35.0,7.21,9.65,0.316,0.378,0.285,1.1213,0.02,0.06311,0.01041,0.0083,71.87
surprise__dwb__t14,surprise,dwb,True,False,0.25,49.73,6.51,9.77,0.32,0.378,0.301,1.0648,0.0158,0.0473,0.00989,0.2677,65.8
surprise__dwb__t15,surprise,dwb,True,False,0.304,38.47,6.52,9.74,0.326,0.381,0.269,1.3019,0.0158,0.0511,0.01059,0.0997,56.37
surprise__dwb__t16,surprise,dwb,True,False,0.3,39.67,6.61,9.53,0.285,0.381,0.297,1.6561,0.0176,0.05565,0.01026,0.0554,49.73
surprise__dwb__t17,surprise,dwb,True,False,0.25,34.78,6.53,9.5,0.325,0.382,0.291,1.1154,0.0176,0.05595,0.01001,0.0077,51.69
surprise__dwb__t18,surprise,dwb,True,False,0.304,34.09,6.61,9.61,0.327,0.379,0.3,1.1394,0.017,0.05385,0.01059,0.0085,47.72
surprise__dwb__t19,surprise,dwb,True,False,0.354,32.68,6.41,9.53,0.33,0.384,0.309,1.1719,0.0173,0.05509,0.01047,0.0082,44.06
surprise__dwb__t2,surprise,dwb,True,False,0.304,34.57,6.42,9.54,0.329,0.38,0.285,1.227,0.0177,0.05629,0.01024,0.0063,47.02
surprise__dwb__t20,surprise,dwb,True,False,0.255,32.77,6.5,9.52,0.337,0.384,0.331,1.4276,0.0171,0.05361,0.01054,0.0088,47.19
surprise__dwb__t21,surprise,dwb,True,False,0.304,33.47,6.42,9.5,0.33,0.378,0.322,1.2294,0.017,0.05411,0.0104,0.0065,45.25
surprise__dwb__t22,surprise,dwb,True,False,0.304,33.09,6.42,9.57,0.339,0.385,0.3,1.2612,0.0181,0.05766,0.01064,0.0099,48.37
surprise__dwb__t23,surprise,dwb,True,False,0.304,43.27,6.41,9.94,0.288,0.379,0.312,1.1251,0.0192,0.06067,0.01058,0.1183,59.59
surprise__dwb__t24,surprise,dwb,True,False,0.35,33.68,6.41,9.54,0.336,0.385,0.291,1.1498,0.0147,0.04693,0.01027,0.008,49.09
surprise__dwb__t25,surprise,dwb,True,False,0.255,33.88,6.32,9.53,0.331,0.382,0.337,1.2352,0.017,0.05389,0.01036,0.0091,46.86
surprise__dwb__t26,surprise,dwb,True,False,0.255,33.88,6.41,9.52,0.327,0.379,0.324,1.3771,0.0176,0.05595,0.01048,0.0076,48.5
surprise__dwb__t27,surprise,dwb,True,False,0.255,35.06,6.32,9.69,0.321,0.381,0.279,1.6176,0.0174,0.05537,0.01028,0.1444,54.58
surprise__dwb__t28,surprise,dwb,True,False,0.255,42.95,6.62,9.96,0.312,0.38,0.283,1.2427,0.0175,0.05465,0.01062,0.142,58.11
surprise__dwb__t29,surprise,dwb,True,False,0.255,33.97,6.41,9.55,0.332,0.381,0.315,1.248,0.0171,0.05354,0.0105,0.0082,44.91
surprise__dwb__t3,surprise,dwb,True,False,0.304,34.29,6.49,9.52,0.333,0.381,0.285,1.1302,0.015,0.04793,0.01017,0.0081,48.72
surprise__dwb__t30,surprise,dwb,True,False,0.255,42.19,7.2,9.95,0.317,0.381,0.288,1.1269,0.018,0.05662,0.01026,0.117,56.02
surprise__dwb__t4,surprise,dwb,True,False,0.255,32.78,6.53,9.52,0.336,0.386,0.341,1.5349,0.0162,0.05212,0.01068,0.0097,47.45
surprise__dwb__t5,surprise,dwb,True,False,0.304,33.67,6.23,9.53,0.329,0.38,0.342,1.3374,0.0189,0.05974,0.01045,0.0082,55.12
surprise__dwb__t6,surprise,dwb,True,False,0.304,34.96,6.54,9.57,0.324,0.378,0.326,1.5221,0.0141,0.04576,0.0101,0.0083,45.79
surprise__dwb__t7,surprise,dwb,True,False,0.3,34.17,6.53,9.5,0.334,0.384,0.294,1.2517,0.0157,0.05068,0.00995,0.0076,55.28
surprise__dwb__t8,surprise,dwb,True,False,0.304,33.58,6.52,9.53,0.329,0.378,0.329,1.2321,0.0181,0.05728,0.01036,0.0077,49.08
surprise__dwb__t9,surprise,dwb,True,False,0.304,33.8,7.11,9.6,0.325,0.378,0.315,1.3188,0.0174,0.0558,0.01066,0.1621,48.86
surprise__mppi__t1,surprise,mppi,True,False,0.25,25.98,7.2,9.75,0.389,0.408,0.334,1.5593,0.0051,0.01097,0.00532,0.0091,44.29
surprise__mppi__t10,surprise,mppi,True,False,0.453,30.96,7.03,9.75,0.387,0.409,0.341,1.579,0.0064,0.01663,0.00609,0.0991,44.38
surprise__mppi__t11,surprise,mppi,True,False,0.4,25.77,5.91,9.63,0.39,0.409,0.339,1.4334,0.0049,0.00941,0.00486,0.0099,36.7
surprise__mppi__t12,surprise,mppi,True,False,0.255,25.8,6.1,9.7,0.39,0.412,0.3,1.766,0.0042,0.00934,0.00464,0.0118,42.02
surprise__mppi__t13,surprise,mppi,True,False,0.354,25.48,5.94,9.66,0.392,0.411,0.327,1.6605,0.0048,0.00897,0.0047,0.0088,39.5
surprise__mppi__t14,surprise,mppi,True,False,0.502,25.4,6.5,9.66,0.393,0.412,0.315,1.6825,0.0053,0.01196,0.00461,0.1918,39.21
surprise__mppi__t15,surprise,mppi,True,False,0.206,25.48,6.41,9.68,0.393,0.411,0.326,1.5498,0.0048,0.00979,0.00457,0.0104,38.98
surprise__mppi__t16,surprise,mppi,True,False,0.304,25.49,6.7,9.66,0.391,0.411,0.335,1.8972,0.0045,0.00846,0.00432,0.0127,40.89
surprise__mppi__t17,surprise,mppi,True,False,0.304,25.68,6.53,9.65,0.391,0.412,0.333,1.614,0.0048,0.00915,0.00462,0.013,41.23
surprise__mppi__t18,surprise,mppi,True,False,0.453,25.88,6.99,9.66,0.39,0.41,0.324,1.6296,0.0047,0.00953,0.00484,0.0088,42.5
surprise__mppi__t19,surprise,mppi,True,False,0.453,26.38,6.42,9.63,0.389,0.409,0.31,1.4388,0.0068,0.01955,0.0058,0.0116,39.98
surprise__mppi__t2,surprise,mppi,True,False,0.304,25.67,6.53,9.66,0.39,0.408,0.343,1.5669,0.0047,0.00951,0.00471,0.0126,37.66
surprise__mppi__t20,surprise,mppi,True,False,0.354,25.78,6.83,9.67,0.391,0.41,0.327,1.5423,0.0046,0.00984,0.00473,0.0084,39.71
surprise__mppi__t21,surprise,mppi,True,False,0.255,25.69,6.3,9.67,0.392,0.411,0.327,1.5855,0.0045,0.00947,0.00483,0.0103,37.79
surprise__mppi__t22,surprise,mppi,True,False,0.255,25.98,7.13,9.63,0.39,0.411,0.328,1.8055,0.0041,0.00759,0.00482,0.0122,40.97
surprise__mppi__t23,surprise,mppi,True,False,0.453,25.7,6.11,9.62,0.391,0.412,0.318,1.7114,0.0049,0.01135,0.00495,0.1843,36.44
surprise__mppi__t24,surprise,mppi,True,False,0.453,25.68,6.02,9.65,0.39,0.414,0.324,2.0273,0.0048,0.00958,0.0047,0.0119,40.5
surprise__mppi__t25,surprise,mppi,True,False,0.35,26.56,7.02,9.64,0.384,0.405,0.341,1.4737,0.0046,0.00884,0.00503,0.0082,39.8
surprise__mppi__t26,surprise,mppi,True,False,0.354,25.48,7.02,9.6,0.391,0.413,0.346,1.679,0.0047,0.00899,0.00454,0.0123,40.81
surprise__mppi__t27,surprise,mppi,True,False,0.35,26.08,6.32,9.64,0.388,0.411,0.298,1.6197,0.0049,0.00827,0.00732,0.0075,39.3
surprise__mppi__t28,surprise,mppi,True,False,0.3,27.29,6.0,9.7,0.387,0.408,0.327,1.5939,0.0063,0.01608,0.00574,0.0101,40.19
surprise__mppi__t29,surprise,mppi,True,False,0.45,25.9,6.02,9.66,0.389,0.41,0.327,1.5456,0.0048,0.01055,0.00466,0.0087,37.65
surprise__mppi__t3,surprise,mppi,True,False,0.453,25.89,6.02,9.66,0.389,0.411,0.348,1.7747,0.0047,0.00944,0.00483,0.0095,39.44
surprise__mppi__t30,surprise,mppi,True,False,0.403,25.46,6.03,9.68,0.392,0.412,0.342,1.5687,0.0051,0.00971,0.00462,0.0096,39.61
surprise__mppi__t4,surprise,mppi,True,False,0.502,25.39,6.52,9.69,0.392,0.411,0.334,1.5507,0.0049,0.00938,0.00452,0.0112,44.98
surprise__mppi__t5,surprise,mppi,True,False,0.255,25.4,6.61,9.68,0.392,0.412,0.316,1.7816,0.0055,0.01174,0.00478,0.0077,39.13
surprise__mppi__t6,surprise,mppi,True,False,0.354,25.49,6.01,9.67,0.392,0.411,0.338,1.4666,0.0048,0.00993,0.00469,0.0093,38.71
surprise__mppi__t7,surprise,mppi,True,False,0.255,25.9,7.22,9.68,0.39,0.412,0.341,2.266,0.0041,0.00941,0.00495,0.0088,42.54
surprise__mppi__t8,surprise,mppi,True,False,0.25,25.8,6.41,9.67,0.391,0.41,0.329,1.9651,0.0046,0.00926,0.00482,0.0092,38.98
surprise__mppi__t9,surprise,mppi,True,False,0.453,25.38,7.33,9.7,0.392,0.411,0.344,1.5608,0.0053,0.00933,0.0048,0.0108,40.02
surprise__comppi__t1,surprise,comppi,True,False,0.354,26.08,6.0,9.45,0.38,0.405,0.32,1.8951,0.0041,0.00698,0.00702,0.0106,39.32
surprise__comppi__t10,surprise,comppi,True,False,0.255,26.18,4.91,9.49,0.379,0.401,0.278,1.5396,0.0042,0.00748,0.00749,0.0102,38.51
surprise__comppi__t11,surprise,comppi,True,False,0.255,26.27,5.73,9.48,0.381,0.401,0.334,1.4553,0.0034,0.0074,0.00592,0.0064,61.12
surprise__comppi__t12,surprise,comppi,True,False,0.304,25.87,6.4,9.43,0.381,0.401,0.291,1.6987,0.0039,0.00672,0.00475,0.1873,40.09
surprise__comppi__t13,surprise,comppi,True,False,0.304,29.97,7.61,9.65,0.37,0.396,0.25,1.3171,0.0079,0.00744,0.00952,0.0259,43.41
surprise__comppi__t14,surprise,comppi,True,False,0.25,26.47,5.82,9.54,0.379,0.4,0.311,1.552,0.0038,0.00736,0.00711,0.0082,40.7
surprise__comppi__t15,surprise,comppi,True,False,0.403,31.87,5.71,9.72,0.37,0.396,0.21,1.505,0.0083,0.01079,0.0092,0.0962,54.7
surprise__comppi__t16,surprise,comppi,True,False,0.255,25.98,6.01,9.53,0.379,0.4,0.294,1.4821,0.0048,0.00762,0.00913,0.0098,37.43
surprise__comppi__t17,surprise,comppi,True,False,0.403,25.97,5.6,9.47,0.379,0.401,0.301,1.6304,0.0042,0.00753,0.00888,0.008,38.48
surprise__comppi__t18,surprise,comppi,True,False,0.255,26.17,5.92,9.47,0.379,0.4,0.283,1.4377,0.0036,0.00736,0.00519,0.0083,38.03
surprise__comppi__t19,surprise,comppi,True,False,0.453,26.57,6.31,9.48,0.38,0.4,0.303,1.6587,0.0033,0.00712,0.00637,0.0078,40.87
surprise__comppi__t2,surprise,comppi,True,False,0.403,26.48,5.69,9.43,0.38,0.406,0.322,4.0349,0.0033,0.00743,0.00657,0.0054,41.47
surprise__comppi__t20,surprise,comppi,True,False,0.304,25.87,5.61,9.45,0.38,0.399,0.313,1.53,0.0039,0.00738,0.00512,0.0073,39.58
surprise__comppi__t21,surprise,comppi,True,False,0.354,26.09,6.4,9.45,0.38,0.401,0.314,1.5793,0.0038,0.0072,0.00828,0.0083,39.77
surprise__comppi__t22,surprise,comppi,True,False,0.304,26.46,5.82,9.57,0.38,0.4,0.283,2.0322,0.004,0.00713,0.00598,0.0111,39.25
surprise__comppi__t23,surprise,comppi,True,False,0.403,25.78,5.91,9.39,0.38,0.4,0.315,1.7981,0.0038,0.00697,0.00472,0.0103,41.58
surprise__comppi__t24,surprise,comppi,True,False,0.354,29.18,6.4,9.64,0.369,0.396,0.235,1.3984,0.0102,0.00836,0.01078,0.0081,41.2
surprise__comppi__t25,surprise,comppi,True,False,0.453,25.97,6.82,9.46,0.38,0.4,0.316,1.4398,0.0037,0.00727,0.00515,0.0091,39.73
surprise__comppi__t26,surprise,comppi,True,False,0.403,31.18,6.6,9.8,0.374,0.396,0.271,1.5526,0.005,0.01183,0.00992,0.0791,44.46
surprise__comppi__t27,surprise,comppi,True,False,0.45,27.68,6.31,9.57,0.377,0.4,0.215,1.6779,0.0036,0.00733,0.00761,0.0097,39.76
surprise__comppi__t28,surprise,comppi,True,False,0.354,27.46,6.21,9.54,0.376,0.4,0.266,1.4574,0.0038,0.0099,0.00733,0.0069,44.8
surprise__comppi__t29,surprise,comppi,True,False,0.453,27.97,5.82,9.6,0.376,0.398,0.225,1.6121,0.004,0.0074,0.00911,0.0085,44.25
surprise__comppi__t3,surprise,comppi,True,False,0.255,26.08,5.91,9.38,0.38,0.398,0.344,1.4708,0.0032,0.0073,0.00492,0.0095,37.22
surprise__comppi__t30,surprise,comppi,True,False,0.403,26.06,5.52,9.45,0.379,0.401,0.299,1.6363,0.004,0.00725,0.00666,0.0076,38.44
surprise__comppi__t4,surprise,comppi,True,False,0.403,27.97,5.61,9.51,0.378,0.398,0.303,1.6369,0.0086,0.00783,0.00636,0.0381,42.51
surprise__comppi__t5,surprise,comppi,True,False,0.453,26.29,6.5,9.48,0.378,0.399,0.285,1.757,0.0045,0.00801,0.00813,0.0082,38.67
surprise__comppi__t6,surprise,comppi,True,False,0.304,26.27,5.9,9.5,0.379,0.402,0.31,1.5929,0.0043,0.00708,0.00632,0.0075,39.64
surprise__comppi__t7,surprise,comppi,True,False,0.2,26.08,5.91,9.45,0.38,0.402,0.268,1.8331,0.0038,0.0073,0.00484,0.0121,42.28
surprise__comppi__t8,surprise,comppi,True,False,0.255,26.29,5.81,9.41,0.38,0.403,0.281,1.7449,0.0035,0.00755,0.00799,0.0076,40.55
surprise__comppi__t9,surprise,comppi,True,False,0.453,25.98,7.01,9.52,0.381,0.4,0.285,1.417,0.004,0.00664,0.00468,0.0099,43.08
surprise__comppi_dos2__t1,surprise,comppi_dos2,True,False,0.25,29.08,6.11,9.62,0.372,0.398,0.246,1.6491,0.0096,0.0089,0.01015,0.0068,47.99
surprise__comppi_dos2__t10,surprise,comppi_dos2,True,False,0.354,27.18,6.3,9.6,0.377,0.4,0.244,1.5856,0.0049,0.01182,0.00999,0.008,40.24
surprise__comppi_dos2__t11,surprise,comppi_dos2,True,False,0.403,28.58,6.1,9.63,0.372,0.398,0.255,1.985,0.0102,0.00783,0.01043,0.0079,44.3
surprise__comppi_dos2__t12,surprise,comppi_dos2,True,False,0.403,26.68,5.81,9.51,0.378,0.402,0.274,1.5563,0.0106,0.00878,0.00678,0.0071,47.15
surprise__comppi_dos2__t13,surprise,comppi_dos2,True,False,0.453,28.58,6.31,9.66,0.37,0.397,0.218,1.7038,0.0047,0.01108,0.01083,0.0076,49.33
surprise__comppi_dos2__t14,surprise,comppi_dos2,True,False,0.255,26.66,6.33,9.49,0.377,0.399,0.231,1.3863,0.0047,0.01082,0.00858,0.0085,65.99
surprise__comppi_dos2__t15,surprise,comppi_dos2,True,False,0.255,27.98,6.11,9.59,0.375,0.4,0.217,1.8703,0.0039,0.00873,0.00787,0.011,44.98
surprise__comppi_dos2__t16,surprise,comppi_dos2,True,False,0.502,32.67,6.41,9.91,0.37,0.397,0.284,1.5642,0.0062,0.01001,0.01332,0.0799,43.51
surprise__comppi_dos2__t17,surprise,comppi_dos2,True,False,0.25,32.35,6.41,9.91,0.356,0.395,0.199,1.397,0.0105,0.01675,0.00938,0.0629,123.98
surprise__comppi_dos2__t18,surprise,comppi_dos2,True,False,0.403,26.38,6.21,9.5,0.378,0.4,0.293,1.672,0.0045,0.00858,0.00839,0.0104,60.26
surprise__comppi_dos2__t19,surprise,comppi_dos2,True,False,0.25,26.28,6.71,9.51,0.379,0.402,0.305,1.5132,0.0039,0.00734,0.00642,0.0109,40.63
surprise__comppi_dos2__t2,surprise,comppi_dos2,True,False,0.255,26.57,5.61,9.51,0.379,0.4,0.257,1.4038,0.0038,0.00971,0.00816,0.0082,40.58
surprise__comppi_dos2__t20,surprise,comppi_dos2,True,False,0.403,33.67,6.32,9.75,0.365,0.395,0.216,1.3838,0.0066,0.01062,0.00909,0.1196,47.69
surprise__comppi_dos2__t21,surprise,comppi_dos2,True,False,0.453,31.38,6.61,9.84,0.375,0.4,0.299,1.4461,0.0063,0.00952,0.01825,0.0844,44.9
surprise__comppi_dos2__t22,surprise,comppi_dos2,True,False,0.304,29.98,6.31,10.0,0.358,0.396,0.21,1.4887,0.0115,0.01985,0.00989,0.0085,149.54
surprise__comppi_dos2__t23,surprise,comppi_dos2,True,False,0.255,26.4,6.81,9.49,0.379,0.398,0.28,1.6151,0.0036,0.00695,0.00887,0.1941,39.33
surprise__comppi_dos2__t24,surprise,comppi_dos2,True,False,0.453,25.88,5.7,9.47,0.381,0.4,0.295,1.7088,0.0041,0.0076,0.00504,0.0107,40.08
surprise__comppi_dos2__t25,surprise,comppi_dos2,True,False,0.304,33.24,5.71,9.63,0.373,0.397,0.256,1.8981,0.0058,0.01185,0.00853,0.1203,47.05
surprise__comppi_dos2__t26,surprise,comppi_dos2,True,False,0.502,26.57,7.32,9.62,0.379,0.4,0.326,1.4644,0.004,0.00738,0.00643,0.0111,42.04
surprise__comppi_dos2__t27,surprise,comppi_dos2,True,False,0.2,25.87,7.11,9.5,0.381,0.399,0.287,1.4634,0.0038,0.00715,0.00498,0.0088,42.3
surprise__comppi_dos2__t28,surprise,comppi_dos2,True,False,0.255,26.16,5.92,9.48,0.38,0.401,0.283,1.5459,0.0035,0.00675,0.00477,0.0094,34.1
surprise__comppi_dos2__t29,surprise,comppi_dos2,True,False,0.403,26.46,6.21,9.58,0.38,0.399,0.297,1.6906,0.0041,0.007,0.00633,0.0078,39.96
surprise__comppi_dos2__t3,surprise,comppi_dos2,True,False,0.403,33.98,6.91,9.99,0.369,0.396,0.278,1.4282,0.0099,0.01291,0.01334,0.0785,50.18
surprise__comppi_dos2__t30,surprise,comppi_dos2,True,False,0.304,31.08,7.31,9.75,0.369,0.397,0.277,1.5621,0.0107,0.0106,0.00903,0.2207,47.18
surprise__comppi_dos2__t4,surprise,comppi_dos2,True,False,0.403,27.38,6.31,9.58,0.378,0.399,0.272,1.5524,0.0042,0.00714,0.00725,0.0083,44.82
surprise__comppi_dos2__t5,surprise,comppi_dos2,True,False,0.255,27.89,6.2,9.62,0.376,0.399,0.232,1.5593,0.0038,0.00755,0.00971,0.0099,40.96
surprise__comppi_dos2__t6,surprise,comppi_dos2,True,False,0.255,31.98,6.21,9.78,0.375,0.397,0.257,1.5409,0.0051,0.01037,0.00882,0.0954,46.85
surprise__comppi_dos2__t7,surprise,comppi_dos2,True,False,0.453,27.78,6.21,9.54,0.375,0.398,0.245,1.4699,0.0035,0.00741,0.00865,0.0114,41.82
surprise__comppi_dos2__t8,surprise,comppi_dos2,True,False,0.403,26.28,6.3,9.49,0.379,0.402,0.281,1.5659,0.0039,0.00723,0.00744,0.0086,42.08
surprise__comppi_dos2__t9,surprise,comppi_dos2,True,False,0.354,31.17,6.42,9.84,0.371,0.397,0.274,1.7978,0.0051,0.0132,0.02029,0.0517,45.16
